ISO-10303-21;
HEADER;
FILE_DESCRIPTION (( 'STEP AP214' ),
    '1' );
FILE_NAME ('Discipador.STEP',
    '2026-09-01T13:15:59',
    ( '' ),
    ( '' ),
    'SwSTEP 2.0',
    'SolidWorks 2023',
    '' );
FILE_SCHEMA (( 'AUTOMOTIVE_DESIGN' ));
ENDSEC;

DATA;
#1 = ORIENTED_EDGE ( 'NONE', *, *, #879, .F. ) ;
#2 = LINE ( 'NONE', #695, #1476 ) ;
#3 = VERTEX_POINT ( 'NONE', #826 ) ;
#4 = AXIS2_PLACEMENT_3D ( 'NONE', #1132, #1821, #1466 ) ;
#5 = DIRECTION ( 'NONE',  ( 0.000000000000000000, 1.734723475976812764E-16, -1.000000000000000000 ) ) ;
#6 = EDGE_CURVE ( 'NONE', #673, #668, #1506, .T. ) ;
#7 = CARTESIAN_POINT ( 'NONE',  ( 0.000000000000000000, 53.69292863671249449, -16.99999999999999645 ) ) ;
#8 = DIRECTION ( 'NONE',  ( -0.000000000000000000, -5.782411586589355667E-16, 1.000000000000000000 ) ) ;
#9 = ORIENTED_EDGE ( 'NONE', *, *, #2117, .T. ) ;
#10 = LINE ( 'NONE', #2051, #987 ) ;
#11 = LINE ( 'NONE', #156, #1527 ) ;
#12 = ORIENTED_EDGE ( 'NONE', *, *, #1232, .F. ) ;
#13 = DIRECTION ( 'NONE',  ( 0.000000000000000000, 1.734723475976805517E-15, -1.000000000000000000 ) ) ;
#14 = EDGE_LOOP ( 'NONE', ( #998, #860, #129, #475 ) ) ;
#15 = DIRECTION ( 'NONE',  ( 1.000000000000000000, 0.000000000000000000, 0.000000000000000000 ) ) ;
#16 = AXIS2_PLACEMENT_3D ( 'NONE', #1502, #316, #147 ) ;
#17 = EDGE_CURVE ( 'NONE', #2114, #1916, #1471, .T. ) ;
#18 = LINE ( 'NONE', #711, #112 ) ;
#19 = DIRECTION ( 'NONE',  ( 0.000000000000000000, 0.000000000000000000, -1.000000000000000000 ) ) ;
#20 = EDGE_CURVE ( 'NONE', #439, #1801, #1864, .T. ) ;
#21 = ORIENTED_EDGE ( 'NONE', *, *, #1095, .F. ) ;
#22 = CARTESIAN_POINT ( 'NONE',  ( -65.00000000000000000, 41.69292863671250160, -16.99999999999999289 ) ) ;
#23 = LINE ( 'NONE', #1233, #56 ) ;
#24 = ORIENTED_EDGE ( 'NONE', *, *, #51, .T. ) ;
#25 = CARTESIAN_POINT ( 'NONE',  ( -65.00000000000000000, 51.69292863671248739, 16.99999999999999645 ) ) ;
#26 = ORIENTED_EDGE ( 'NONE', *, *, #2047, .T. ) ;
#27 = CARTESIAN_POINT ( 'NONE',  ( -65.00000000000000000, 59.69292863671250160, -17.00000000000000000 ) ) ;
#28 = DIRECTION ( 'NONE',  ( 0.000000000000000000, -0.000000000000000000, -1.000000000000000000 ) ) ;
#29 = CARTESIAN_POINT ( 'NONE',  ( 0.000000000000000000, 39.69292863671249449, 4.999999999999990230 ) ) ;
#30 = EDGE_CURVE ( 'NONE', #137, #1073, #1007, .T. ) ;
#31 = ORIENTED_EDGE ( 'NONE', *, *, #76, .F. ) ;
#32 = CARTESIAN_POINT ( 'NONE',  ( 0.000000000000000000, 51.69292863671249449, -16.99999999999999645 ) ) ;
#33 = EDGE_CURVE ( 'NONE', #1152, #1086, #1983, .T. ) ;
#34 = CARTESIAN_POINT ( 'NONE',  ( -65.00000000000000000, 47.69292863671249449, 4.999999999999992895 ) ) ;
#35 = ORIENTED_EDGE ( 'NONE', *, *, #1071, .F. ) ;
#36 = DIRECTION ( 'NONE',  ( 0.000000000000000000, 1.734723475976812518E-16, -1.000000000000000000 ) ) ;
#37 = VERTEX_POINT ( 'NONE', #2173 ) ;
#38 = CARTESIAN_POINT ( 'NONE',  ( 0.000000000000000000, 21.69292863671250871, -4.999999999999993783 ) ) ;
#39 = VECTOR ( 'NONE', #914, 1000.000000000000000 ) ;
#40 = CARTESIAN_POINT ( 'NONE',  ( -65.00000000000000000, 29.69292863671250515, 16.99999999999998579 ) ) ;
#41 = VECTOR ( 'NONE', #1639, 1000.000000000000000 ) ;
#42 = CARTESIAN_POINT ( 'NONE',  ( -65.00000000000000000, 39.69292863671249449, -4.999999999999995559 ) ) ;
#43 = VERTEX_POINT ( 'NONE', #632 ) ;
#44 = DIRECTION ( 'NONE',  ( 1.000000000000000000, -0.000000000000000000, -0.000000000000000000 ) ) ;
#45 = DIRECTION ( 'NONE',  ( 0.000000000000000000, 1.000000000000000000, 0.000000000000000000 ) ) ;
#46 = VECTOR ( 'NONE', #2232, 1000.000000000000000 ) ;
#47 = ORIENTED_EDGE ( 'NONE', *, *, #945, .F. ) ;
#48 = EDGE_CURVE ( 'NONE', #2192, #1278, #687, .T. ) ;
#49 = CARTESIAN_POINT ( 'NONE',  ( -65.00000000000000000, 35.69292863671249449, 16.99999999999998579 ) ) ;
#50 = LINE ( 'NONE', #757, #922 ) ;
#51 = EDGE_CURVE ( 'NONE', #1445, #1024, #2229, .T. ) ;
#52 = VECTOR ( 'NONE', #356, 1000.000000000000000 ) ;
#53 = DIRECTION ( 'NONE',  ( -0.000000000000000000, -1.000000000000000000, 2.168404344971012566E-16 ) ) ;
#54 = VECTOR ( 'NONE', #2027, 1000.000000000000000 ) ;
#55 = DIRECTION ( 'NONE',  ( 0.000000000000000000, 1.000000000000000000, 0.000000000000000000 ) ) ;
#56 = VECTOR ( 'NONE', #716, 1000.000000000000000 ) ;
#57 = ORIENTED_EDGE ( 'NONE', *, *, #905, .F. ) ;
#58 = LINE ( 'NONE', #1254, #1239 ) ;
#59 = LINE ( 'NONE', #753, #1567 ) ;
#60 = AXIS2_PLACEMENT_3D ( 'NONE', #134, #1641, #1516 ) ;
#61 = ORIENTED_EDGE ( 'NONE', *, *, #1005, .T. ) ;
#62 = DIRECTION ( 'NONE',  ( 0.000000000000000000, 1.000000000000000000, 2.168404344971010594E-16 ) ) ;
#63 = EDGE_CURVE ( 'NONE', #123, #2055, #1896, .T. ) ;
#64 = PLANE ( 'NONE',  #706 ) ;
#65 = EDGE_CURVE ( 'NONE', #1497, #1534, #536, .T. ) ;
#66 = DIRECTION ( 'NONE',  ( 0.000000000000000000, 0.000000000000000000, 1.000000000000000000 ) ) ;
#67 = DIRECTION ( 'NONE',  ( -0.000000000000000000, -1.000000000000000000, -0.000000000000000000 ) ) ;
#68 = CARTESIAN_POINT ( 'NONE',  ( -65.00000000000000000, -0.6299470188197570097, 1.499999999999998668 ) ) ;
#69 = ORIENTED_EDGE ( 'NONE', *, *, #20, .F. ) ;
#70 = CARTESIAN_POINT ( 'NONE',  ( -65.00000000000000000, 45.69292863671249449, 4.999999999999992006 ) ) ;
#71 = CARTESIAN_POINT ( 'NONE',  ( -65.00000000000000000, 59.69292863671249449, 17.00000000000000000 ) ) ;
#72 = ORIENTED_EDGE ( 'NONE', *, *, #959, .F. ) ;
#73 = DIRECTION ( 'NONE',  ( 0.000000000000000000, 0.000000000000000000, 1.000000000000000000 ) ) ;
#74 = LINE ( 'NONE', #1950, #127 ) ;
#75 = CARTESIAN_POINT ( 'NONE',  ( 0.000000000000000000, -8.307071363287489518, -4.999999999999992006 ) ) ;
#76 = EDGE_CURVE ( 'NONE', #323, #420, #1874, .T. ) ;
#77 = DIRECTION ( 'NONE',  ( 0.000000000000000000, -1.000000000000000000, 0.000000000000000000 ) ) ;
#78 = AXIS2_PLACEMENT_3D ( 'NONE', #25, #865, #1544 ) ;
#79 = VECTOR ( 'NONE', #1304, 1000.000000000000000 ) ;
#80 = ORIENTED_EDGE ( 'NONE', *, *, #311, .T. ) ;
#81 = LINE ( 'NONE', #1263, #1596 ) ;
#82 = PLANE ( 'NONE',  #671 ) ;
#83 = ORIENTED_EDGE ( 'NONE', *, *, #1966, .F. ) ;
#84 = CARTESIAN_POINT ( 'NONE',  ( 0.000000000000000000, 45.69292863671248739, 16.99999999999998579 ) ) ;
#85 = FACE_OUTER_BOUND ( 'NONE', #1913, .T. ) ;
#86 = LINE ( 'NONE', #629, #840 ) ;
#87 = EDGE_CURVE ( 'NONE', #717, #649, #514, .T. ) ;
#88 = CARTESIAN_POINT ( 'NONE',  ( -65.00000000000000000, 35.69292863671250160, -4.999999999999995559 ) ) ;
#89 = DIRECTION ( 'NONE',  ( -0.000000000000000000, -1.000000000000000000, -2.891205793294678819E-16 ) ) ;
#90 = VERTEX_POINT ( 'NONE', #500 ) ;
#91 = VECTOR ( 'NONE', #768, 1000.000000000000000 ) ;
#92 = EDGE_CURVE ( 'NONE', #2010, #1327, #162, .T. ) ;
#93 = CARTESIAN_POINT ( 'NONE',  ( -65.00000000000000000, 53.69292863671249449, 4.999999999999993783 ) ) ;
#94 = ORIENTED_EDGE ( 'NONE', *, *, #1041, .T. ) ;
#95 = VECTOR ( 'NONE', #1403, 1000.000000000000000 ) ;
#96 = CARTESIAN_POINT ( 'NONE',  ( -65.00000000000000000, 21.69292863671250871, -4.999999999999993783 ) ) ;
#97 = DIRECTION ( 'NONE',  ( 1.000000000000000000, 0.000000000000000000, 0.000000000000000000 ) ) ;
#98 = CARTESIAN_POINT ( 'NONE',  ( 0.000000000000000000, 51.69292863671249449, -16.99999999999999645 ) ) ;
#99 = VERTEX_POINT ( 'NONE', #344 ) ;
#100 = CARTESIAN_POINT ( 'NONE',  ( -65.00000000000000000, 41.69292863671250160, -4.999999999999996447 ) ) ;
#101 = EDGE_CURVE ( 'NONE', #664, #2224, #1038, .T. ) ;
#102 = ORIENTED_EDGE ( 'NONE', *, *, #1929, .T. ) ;
#103 = DIRECTION ( 'NONE',  ( 0.000000000000000000, 0.000000000000000000, 1.000000000000000000 ) ) ;
#104 = ORIENTED_EDGE ( 'NONE', *, *, #1083, .T. ) ;
#105 = CARTESIAN_POINT ( 'NONE',  ( 0.000000000000000000, 51.69292863671250160, -4.999999999999995559 ) ) ;
#106 = CARTESIAN_POINT ( 'NONE',  ( -65.00000000000000000, 0.6929286367125392365, -1.084202172485503645E-15 ) ) ;
#107 = ORIENTED_EDGE ( 'NONE', *, *, #879, .T. ) ;
#108 = PLANE ( 'NONE',  #435 ) ;
#109 = ORIENTED_EDGE ( 'NONE', *, *, #1028, .T. ) ;
#110 = VECTOR ( 'NONE', #1063, 1000.000000000000000 ) ;
#111 = LINE ( 'NONE', #1853, #806 ) ;
#112 = VECTOR ( 'NONE', #1397, 1000.000000000000000 ) ;
#113 = DIRECTION ( 'NONE',  ( 0.000000000000000000, -1.000000000000000000, -2.891205793294678819E-16 ) ) ;
#114 = ORIENTED_EDGE ( 'NONE', *, *, #1388, .F. ) ;
#115 = CARTESIAN_POINT ( 'NONE',  ( -65.00000000000000000, 27.69292863671251581, -4.999999999999993783 ) ) ;
#116 = EDGE_CURVE ( 'NONE', #890, #663, #699, .T. ) ;
#117 = DIRECTION ( 'NONE',  ( 0.000000000000000000, -0.000000000000000000, -1.000000000000000000 ) ) ;
#118 = ORIENTED_EDGE ( 'NONE', *, *, #835, .F. ) ;
#119 = ORIENTED_EDGE ( 'NONE', *, *, #924, .T. ) ;
#120 = CARTESIAN_POINT ( 'NONE',  ( -65.00000000000000000, 29.69292863671250871, -16.99999999999999289 ) ) ;
#121 = ORIENTED_EDGE ( 'NONE', *, *, #1153, .F. ) ;
#122 = FACE_OUTER_BOUND ( 'NONE', #1479, .T. ) ;
#123 = VERTEX_POINT ( 'NONE', #2040 ) ;
#124 = PLANE ( 'NONE',  #1895 ) ;
#125 = ORIENTED_EDGE ( 'NONE', *, *, #1547, .F. ) ;
#126 = DIRECTION ( 'NONE',  ( -0.000000000000000000, 1.000000000000000000, -0.000000000000000000 ) ) ;
#127 = VECTOR ( 'NONE', #1627, 1000.000000000000000 ) ;
#128 = PLANE ( 'NONE',  #16 ) ;
#129 = ORIENTED_EDGE ( 'NONE', *, *, #811, .T. ) ;
#130 = VERTEX_POINT ( 'NONE', #869 ) ;
#131 = EDGE_CURVE ( 'NONE', #1474, #793, #1528, .T. ) ;
#132 = VECTOR ( 'NONE', #89, 1000.000000000000000 ) ;
#133 = VERTEX_POINT ( 'NONE', #1016 ) ;
#134 = CARTESIAN_POINT ( 'NONE',  ( -65.00000000000000000, 45.69292863671248739, 16.99999999999998579 ) ) ;
#135 = VERTEX_POINT ( 'NONE', #7 ) ;
#136 = PLANE ( 'NONE',  #2071 ) ;
#137 = VERTEX_POINT ( 'NONE', #526 ) ;
#138 = FACE_OUTER_BOUND ( 'NONE', #1846, .T. ) ;
#139 = DIRECTION ( 'NONE',  ( 0.000000000000000000, 0.000000000000000000, 1.000000000000000000 ) ) ;
#140 = VERTEX_POINT ( 'NONE', #676 ) ;
#141 = EDGE_CURVE ( 'NONE', #1364, #2010, #1216, .T. ) ;
#142 = CARTESIAN_POINT ( 'NONE',  ( -65.00000000000000000, 51.69292863671249449, -16.99999999999999645 ) ) ;
#143 = PLANE ( 'NONE',  #1303 ) ;
#144 = ORIENTED_EDGE ( 'NONE', *, *, #1741, .T. ) ;
#145 = CARTESIAN_POINT ( 'NONE',  ( -65.00000000000000000, 21.69292863671250871, 4.999999999999984013 ) ) ;
#146 = AXIS2_PLACEMENT_3D ( 'NONE', #115, #1177, #1335 ) ;
#147 = DIRECTION ( 'NONE',  ( 0.000000000000000000, -1.000000000000000000, 1.412250373757202748E-16 ) ) ;
#148 = VECTOR ( 'NONE', #1139, 1000.000000000000000 ) ;
#149 = EDGE_LOOP ( 'NONE', ( #1854, #1328, #590, #1536 ) ) ;
#150 = DIRECTION ( 'NONE',  ( 1.000000000000000000, -0.000000000000000000, -0.000000000000000000 ) ) ;
#151 = CARTESIAN_POINT ( 'NONE',  ( -65.00000000000000000, 45.69292863671249449, -4.999999999999995559 ) ) ;
#152 = EDGE_CURVE ( 'NONE', #140, #2114, #1696, .T. ) ;
#153 = ORIENTED_EDGE ( 'NONE', *, *, #1481, .T. ) ;
#154 = DIRECTION ( 'NONE',  ( 0.000000000000000000, 8.673617379884030542E-16, -1.000000000000000000 ) ) ;
#155 = EDGE_CURVE ( 'NONE', #723, #1086, #275, .T. ) ;
#156 = CARTESIAN_POINT ( 'NONE',  ( 0.000000000000000000, 21.69292863671250871, -9.999999999999994671 ) ) ;
#157 = ORIENTED_EDGE ( 'NONE', *, *, #1992, .T. ) ;
#158 = AXIS2_PLACEMENT_3D ( 'NONE', #1420, #55, #1451 ) ;
#159 = DIRECTION ( 'NONE',  ( 0.000000000000000000, 0.7499999999999997780, 0.6614378277661480121 ) ) ;
#160 = ORIENTED_EDGE ( 'NONE', *, *, #155, .F. ) ;
#161 = CARTESIAN_POINT ( 'NONE',  ( -65.00000000000000000, 33.69292863671250160, 4.999999999999987566 ) ) ;
#162 = LINE ( 'NONE', #1204, #1194 ) ;
#163 = LINE ( 'NONE', #859, #2070 ) ;
#164 = VERTEX_POINT ( 'NONE', #1732 ) ;
#165 = EDGE_CURVE ( 'NONE', #467, #2091, #185, .T. ) ;
#166 = LINE ( 'NONE', #897, #110 ) ;
#167 = CARTESIAN_POINT ( 'NONE',  ( 0.000000000000000000, -8.307071363287489518, -4.999999999999992006 ) ) ;
#168 = ORIENTED_EDGE ( 'NONE', *, *, #17, .F. ) ;
#169 = EDGE_CURVE ( 'NONE', #1779, #1926, #882, .T. ) ;
#170 = LINE ( 'NONE', #742, #2056 ) ;
#171 = VERTEX_POINT ( 'NONE', #1561 ) ;
#172 = CARTESIAN_POINT ( 'NONE',  ( -65.00000000000000000, -0.6299470188197570097, -1.500000000000001110 ) ) ;
#173 = DIRECTION ( 'NONE',  ( 1.000000000000000000, 0.000000000000000000, 0.000000000000000000 ) ) ;
#174 = LINE ( 'NONE', #1734, #2100 ) ;
#175 = ORIENTED_EDGE ( 'NONE', *, *, #87, .F. ) ;
#176 = LINE ( 'NONE', #1197, #1379 ) ;
#177 = CARTESIAN_POINT ( 'NONE',  ( -65.00000000000000000, 45.69292863671249449, -16.99999999999999289 ) ) ;
#178 = ORIENTED_EDGE ( 'NONE', *, *, #1402, .F. ) ;
#179 = LINE ( 'NONE', #1067, #622 ) ;
#180 = ORIENTED_EDGE ( 'NONE', *, *, #867, .T. ) ;
#181 = AXIS2_PLACEMENT_3D ( 'NONE', #940, #921, #1298 ) ;
#182 = EDGE_CURVE ( 'NONE', #696, #239, #18, .T. ) ;
#183 = DIRECTION ( 'NONE',  ( -0.000000000000000000, -1.000000000000000000, -0.000000000000000000 ) ) ;
#184 = EDGE_CURVE ( 'NONE', #361, #357, #1226, .T. ) ;
#185 = LINE ( 'NONE', #1352, #2204 ) ;
#186 = DIRECTION ( 'NONE',  ( 0.000000000000000000, -2.891205793294678819E-16, 1.000000000000000000 ) ) ;
#187 = ORIENTED_EDGE ( 'NONE', *, *, #1015, .F. ) ;
#188 = DIRECTION ( 'NONE',  ( 1.000000000000000000, 0.000000000000000000, 0.000000000000000000 ) ) ;
#189 = LINE ( 'NONE', #1702, #925 ) ;
#190 = ORIENTED_EDGE ( 'NONE', *, *, #2033, .T. ) ;
#191 = FACE_OUTER_BOUND ( 'NONE', #2111, .T. ) ;
#192 = ORIENTED_EDGE ( 'NONE', *, *, #65, .T. ) ;
#193 = DIRECTION ( 'NONE',  ( 0.000000000000000000, 1.000000000000000000, 2.168404344971012566E-16 ) ) ;
#194 = EDGE_CURVE ( 'NONE', #99, #717, #367, .T. ) ;
#195 = VECTOR ( 'NONE', #2116, 1000.000000000000000 ) ;
#196 = DIRECTION ( 'NONE',  ( 0.000000000000000000, -5.782411586589357639E-16, 1.000000000000000000 ) ) ;
#197 = EDGE_CURVE ( 'NONE', #690, #1152, #666, .T. ) ;
#198 = CARTESIAN_POINT ( 'NONE',  ( -65.00000000000000000, 41.69292863671250160, -16.99999999999999289 ) ) ;
#199 = ORIENTED_EDGE ( 'NONE', *, *, #378, .F. ) ;
#200 = FACE_OUTER_BOUND ( 'NONE', #1569, .T. ) ;
#201 = VECTOR ( 'NONE', #460, 1000.000000000000000 ) ;
#202 = VECTOR ( 'NONE', #1664, 1000.000000000000000 ) ;
#203 = LINE ( 'NONE', #177, #1564 ) ;
#204 = ORIENTED_EDGE ( 'NONE', *, *, #1531, .F. ) ;
#205 = CARTESIAN_POINT ( 'NONE',  ( -65.00000000000000000, -8.307071363287491295, 4.999999999999975131 ) ) ;
#206 = ORIENTED_EDGE ( 'NONE', *, *, #116, .F. ) ;
#207 = DIRECTION ( 'NONE',  ( -0.000000000000000000, 6.938893903907227392E-16, -1.000000000000000000 ) ) ;
#208 = PRODUCT_RELATED_PRODUCT_CATEGORY ( 'part', '', ( #309 ) ) ;
#209 = DIRECTION ( 'NONE',  ( 0.000000000000000000, 5.782411586589359611E-16, -1.000000000000000000 ) ) ;
#210 = CARTESIAN_POINT ( 'NONE',  ( -65.00000000000000000, 29.69292863671250515, 16.99999999999998579 ) ) ;
#211 = ADVANCED_FACE ( 'NONE', ( #1617 ), #903, .T. ) ;
#212 = VERTEX_POINT ( 'NONE', #1584 ) ;
#213 = LINE ( 'NONE', #1611, #2206 ) ;
#214 = LINE ( 'NONE', #740, #1426 ) ;
#215 = ORIENTED_EDGE ( 'NONE', *, *, #2171, .T. ) ;
#216 = LINE ( 'NONE', #1200, #1483 ) ;
#217 = CARTESIAN_POINT ( 'NONE',  ( -65.00000000000000000, 35.69292863671250160, -4.999999999999995559 ) ) ;
#218 = VECTOR ( 'NONE', #1721, 1000.000000000000000 ) ;
#219 = LINE ( 'NONE', #1091, #1660 ) ;
#220 = LINE ( 'NONE', #596, #1029 ) ;
#221 = AXIS2_PLACEMENT_3D ( 'NONE', #386, #1417, #728 ) ;
#222 = ORIENTED_EDGE ( 'NONE', *, *, #182, .F. ) ;
#223 = DIRECTION ( 'NONE',  ( 0.000000000000000000, 1.734723475976812518E-16, -1.000000000000000000 ) ) ;
#224 = ADVANCED_FACE ( 'NONE', ( #410 ), #2107, .T. ) ;
#225 = VECTOR ( 'NONE', #504, 1000.000000000000000 ) ;
#226 = DIRECTION ( 'NONE',  ( -0.000000000000000000, 1.000000000000000000, 5.782411586589358625E-16 ) ) ;
#227 = VERTEX_POINT ( 'NONE', #75 ) ;
#228 = PLANE ( 'NONE',  #181 ) ;
#229 = CARTESIAN_POINT ( 'NONE',  ( -65.00000000000000000, 0.000000000000000000, 0.000000000000000000 ) ) ;
#230 = PRODUCT_CONTEXT ( 'NONE', #1087, 'mechanical' ) ;
#231 = PLANE ( 'NONE',  #1480 ) ;
#232 = VECTOR ( 'NONE', #1336, 1000.000000000000000 ) ;
#233 = DIRECTION ( 'NONE',  ( -0.000000000000000000, 1.156482317317871133E-15, -1.000000000000000000 ) ) ;
#234 = AXIS2_PLACEMENT_3D ( 'NONE', #820, #1154, #291 ) ;
#235 = VERTEX_POINT ( 'NONE', #1260 ) ;
#236 = DIRECTION ( 'NONE',  ( -0.000000000000000000, -1.000000000000000000, -4.336808689942013792E-16 ) ) ;
#237 = EDGE_CURVE ( 'NONE', #414, #227, #1271, .T. ) ;
#238 = CARTESIAN_POINT ( 'NONE',  ( -65.00000000000000000, 21.69292863671250871, -9.999999999999994671 ) ) ;
#239 = VERTEX_POINT ( 'NONE', #572 ) ;
#240 = DIRECTION ( 'NONE',  ( 0.000000000000000000, 1.000000000000000000, 2.168404344971012566E-16 ) ) ;
#241 = VECTOR ( 'NONE', #947, 1000.000000000000000 ) ;
#242 = EDGE_CURVE ( 'NONE', #1948, #931, #219, .T. ) ;
#243 = FACE_OUTER_BOUND ( 'NONE', #660, .T. ) ;
#244 = CARTESIAN_POINT ( 'NONE',  ( 0.000000000000000000, 29.69292863671250515, 4.999999999999988454 ) ) ;
#245 = DIRECTION ( 'NONE',  ( 0.000000000000000000, 0.000000000000000000, -1.000000000000000000 ) ) ;
#246 = VERTEX_POINT ( 'NONE', #772 ) ;
#247 = CARTESIAN_POINT ( 'NONE',  ( -65.00000000000000000, 51.69292863671250160, 4.999999999999993783 ) ) ;
#248 = DIRECTION ( 'NONE',  ( 1.000000000000000000, 0.000000000000000000, 0.000000000000000000 ) ) ;
#249 = ORIENTED_EDGE ( 'NONE', *, *, #2168, .T. ) ;
#250 = CARTESIAN_POINT ( 'NONE',  ( 0.000000000000000000, 0.000000000000000000, 0.000000000000000000 ) ) ;
#251 = LINE ( 'NONE', #1429, #1172 ) ;
#252 = EDGE_CURVE ( 'NONE', #1364, #1890, #594, .T. ) ;
#253 = FACE_OUTER_BOUND ( 'NONE', #2203, .T. ) ;
#254 = AXIS2_PLACEMENT_3D ( 'NONE', #1156, #1146, #1668 ) ;
#255 = VECTOR ( 'NONE', #1482, 1000.000000000000000 ) ;
#256 = ORIENTED_EDGE ( 'NONE', *, *, #1902, .F. ) ;
#257 = CARTESIAN_POINT ( 'NONE',  ( 0.000000000000000000, 57.69292863671249449, 17.00000000000000000 ) ) ;
#258 = ORIENTED_EDGE ( 'NONE', *, *, #1741, .F. ) ;
#259 = CARTESIAN_POINT ( 'NONE',  ( -65.00000000000000000, 33.69292863671250160, 4.999999999999987566 ) ) ;
#260 = ORIENTED_EDGE ( 'NONE', *, *, #320, .T. ) ;
#261 = PLANE ( 'NONE',  #4 ) ;
#262 = VECTOR ( 'NONE', #2099, 1000.000000000000000 ) ;
#263 = DIRECTION ( 'NONE',  ( 0.000000000000000000, 1.000000000000000000, 0.000000000000000000 ) ) ;
#264 = DIRECTION ( 'NONE',  ( -1.000000000000000000, 0.000000000000000000, -0.000000000000000000 ) ) ;
#265 = VECTOR ( 'NONE', #570, 1000.000000000000000 ) ;
#266 = ADVANCED_FACE ( 'NONE', ( #1419 ), #231, .T. ) ;
#267 = ORIENTED_EDGE ( 'NONE', *, *, #1972, .T. ) ;
#268 = LINE ( 'NONE', #633, #1590 ) ;
#269 = VECTOR ( 'NONE', #1322, 1000.000000000000000 ) ;
#270 = FACE_OUTER_BOUND ( 'NONE', #1592, .T. ) ;
#271 = ORIENTED_EDGE ( 'NONE', *, *, #359, .T. ) ;
#272 = PLANE ( 'NONE',  #616 ) ;
#273 = CARTESIAN_POINT ( 'NONE',  ( -65.00000000000000000, 39.69292863671249449, 4.999999999999990230 ) ) ;
#274 = CARTESIAN_POINT ( 'NONE',  ( 0.000000000000000000, 23.69292863671250871, 9.999999999999984013 ) ) ;
#275 = LINE ( 'NONE', #1026, #290 ) ;
#276 = CARTESIAN_POINT ( 'NONE',  ( -65.00000000000000000, -0.6299470188197570097, -1.500000000000001110 ) ) ;
#277 = ORIENTED_EDGE ( 'NONE', *, *, #835, .T. ) ;
#278 = EDGE_CURVE ( 'NONE', #3, #510, #2094, .T. ) ;
#279 = CARTESIAN_POINT ( 'NONE',  ( -65.00000000000000000, 39.69292863671249449, 4.999999999999990230 ) ) ;
#280 = VERTEX_POINT ( 'NONE', #1790 ) ;
#281 = CARTESIAN_POINT ( 'NONE',  ( 0.000000000000000000, 33.69292863671250160, -16.99999999999999289 ) ) ;
#282 = EDGE_CURVE ( 'NONE', #1712, #2181, #2128, .T. ) ;
#283 = LINE ( 'NONE', #1180, #1458 ) ;
#284 = ORIENTED_EDGE ( 'NONE', *, *, #311, .F. ) ;
#285 = LINE ( 'NONE', #2160, #1123 ) ;
#286 = ORIENTED_EDGE ( 'NONE', *, *, #1602, .T. ) ;
#287 = AXIS2_PLACEMENT_3D ( 'NONE', #1901, #1725, #347 ) ;
#288 = CARTESIAN_POINT ( 'NONE',  ( -65.00000000000000000, 57.69292863671249449, 17.00000000000000000 ) ) ;
#289 = ORIENTED_EDGE ( 'NONE', *, *, #17, .T. ) ;
#290 = VECTOR ( 'NONE', #1049, 1000.000000000000000 ) ;
#291 = DIRECTION ( 'NONE',  ( 0.000000000000000000, 1.000000000000000000, -1.734723475976805517E-15 ) ) ;
#292 = ORIENTED_EDGE ( 'NONE', *, *, #1602, .F. ) ;
#293 = EDGE_CURVE ( 'NONE', #1106, #510, #760, .T. ) ;
#294 = DIRECTION ( 'NONE',  ( 1.000000000000000000, 0.000000000000000000, 0.000000000000000000 ) ) ;
#295 = DIRECTION ( 'NONE',  ( 0.000000000000000000, -1.000000000000000000, -5.782411586589358625E-16 ) ) ;
#296 = ORIENTED_EDGE ( 'NONE', *, *, #1357, .F. ) ;
#297 = EDGE_CURVE ( 'NONE', #1297, #1400, #1597, .T. ) ;
#298 = DIRECTION ( 'NONE',  ( -0.000000000000000000, -1.000000000000000000, -0.000000000000000000 ) ) ;
#299 = ORIENTED_EDGE ( 'NONE', *, *, #2185, .T. ) ;
#300 = LINE ( 'NONE', #100, #509 ) ;
#301 = ORIENTED_EDGE ( 'NONE', *, *, #2168, .F. ) ;
#302 = DIRECTION ( 'NONE',  ( -1.000000000000000000, 0.000000000000000000, -0.000000000000000000 ) ) ;
#303 = ORIENTED_EDGE ( 'NONE', *, *, #561, .F. ) ;
#304 = FACE_OUTER_BOUND ( 'NONE', #517, .T. ) ;
#305 = AXIS2_PLACEMENT_3D ( 'NONE', #2223, #853, #2233 ) ;
#306 = EDGE_CURVE ( 'NONE', #1400, #1115, #549, .T. ) ;
#307 = VECTOR ( 'NONE', #1085, 1000.000000000000000 ) ;
#308 = CARTESIAN_POINT ( 'NONE',  ( -65.00000000000000000, -8.307071363287491295, 4.999999999999975131 ) ) ;
#309 = PRODUCT ( 'Discipador', 'Discipador', '', ( #230 ) ) ;
#310 = EDGE_LOOP ( 'NONE', ( #1704, #974, #1530, #215 ) ) ;
#311 = EDGE_CURVE ( 'NONE', #1653, #899, #1756, .T. ) ;
#312 = DIRECTION ( 'NONE',  ( 0.000000000000000000, 0.000000000000000000, 1.000000000000000000 ) ) ;
#313 = FACE_OUTER_BOUND ( 'NONE', #1577, .T. ) ;
#314 = ORIENTED_EDGE ( 'NONE', *, *, #458, .F. ) ;
#315 = CARTESIAN_POINT ( 'NONE',  ( -65.00000000000000000, 57.69292863671250160, 4.999999999999995559 ) ) ;
#316 = DIRECTION ( 'NONE',  ( 0.000000000000000000, 1.412250373757202748E-16, 1.000000000000000000 ) ) ;
#317 = ORIENTED_EDGE ( 'NONE', *, *, #1799, .T. ) ;
#318 = EDGE_CURVE ( 'NONE', #1978, #135, #926, .T. ) ;
#319 = CARTESIAN_POINT ( 'NONE',  ( -65.00000000000000000, 59.69292863671248028, -1.500000000000001110 ) ) ;
#320 = EDGE_CURVE ( 'NONE', #1327, #1870, #721, .T. ) ;
#321 = LINE ( 'NONE', #151, #2003 ) ;
#322 = AXIS2_PLACEMENT_3D ( 'NONE', #1394, #1915, #1717 ) ;
#323 = VERTEX_POINT ( 'NONE', #1932 ) ;
#324 = DIRECTION ( 'NONE',  ( -0.000000000000000000, -1.000000000000000000, -2.168404344971010594E-16 ) ) ;
#325 = AXIS2_PLACEMENT_3D ( 'NONE', #1973, #1060, #196 ) ;
#326 = DIRECTION ( 'NONE',  ( 0.000000000000000000, 1.000000000000000000, -1.734723475976805517E-15 ) ) ;
#327 = EDGE_LOOP ( 'NONE', ( #2154, #1774, #1676, #1665 ) ) ;
#328 = EDGE_LOOP ( 'NONE', ( #2038, #1958, #1904, #1730 ) ) ;
#329 = ORIENTED_EDGE ( 'NONE', *, *, #852, .T. ) ;
#330 = LINE ( 'NONE', #1731, #1933 ) ;
#331 = ADVANCED_FACE ( 'NONE', ( #1439 ), #582, .T. ) ;
#332 = AXIS2_PLACEMENT_3D ( 'NONE', #1295, #415, #223 ) ;
#333 = DIRECTION ( 'NONE',  ( 1.000000000000000000, 0.000000000000000000, 0.000000000000000000 ) ) ;
#334 = PLANE ( 'NONE',  #1270 ) ;
#335 = ORIENTED_EDGE ( 'NONE', *, *, #242, .T. ) ;
#336 = CARTESIAN_POINT ( 'NONE',  ( -65.00000000000000000, 50.69292863671248028, -1.084202172485503645E-15 ) ) ;
#337 = PLANE ( 'NONE',  #1354 ) ;
#338 = EDGE_LOOP ( 'NONE', ( #61, #1360, #1661, #1242 ) ) ;
#339 = VECTOR ( 'NONE', #773, 1000.000000000000000 ) ;
#340 = LINE ( 'NONE', #49, #579 ) ;
#341 = ORIENTED_EDGE ( 'NONE', *, *, #920, .T. ) ;
#342 = VECTOR ( 'NONE', #2052, 1000.000000000000000 ) ;
#343 = LINE ( 'NONE', #161, #595 ) ;
#344 = CARTESIAN_POINT ( 'NONE',  ( 0.000000000000000000, 47.69292863671249449, 4.999999999999992895 ) ) ;
#345 = CARTESIAN_POINT ( 'NONE',  ( -65.00000000000000000, 53.69292863671249449, 4.999999999999993783 ) ) ;
#346 = ORIENTED_EDGE ( 'NONE', *, *, #1203, .T. ) ;
#347 = DIRECTION ( 'NONE',  ( -1.000000000000000000, 0.000000000000000000, -0.000000000000000000 ) ) ;
#348 = EDGE_CURVE ( 'NONE', #1801, #43, #894, .T. ) ;
#349 = DIRECTION ( 'NONE',  ( 0.000000000000000000, -0.000000000000000000, 1.000000000000000000 ) ) ;
#350 = EDGE_LOOP ( 'NONE', ( #12, #1923, #1212, #2024 ) ) ;
#351 = LINE ( 'NONE', #373, #913 ) ;
#352 = EDGE_CURVE ( 'NONE', #1115, #123, #1813, .T. ) ;
#353 = ORIENTED_EDGE ( 'NONE', *, *, #141, .T. ) ;
#354 = CARTESIAN_POINT ( 'NONE',  ( 0.000000000000000000, 39.69292863671248739, 16.99999999999998579 ) ) ;
#355 = CARTESIAN_POINT ( 'NONE',  ( -65.00000000000000000, 27.69292863671250515, 16.99999999999998934 ) ) ;
#356 = DIRECTION ( 'NONE',  ( 0.000000000000000000, 0.000000000000000000, 1.000000000000000000 ) ) ;
#357 = VERTEX_POINT ( 'NONE', #98 ) ;
#358 = CARTESIAN_POINT ( 'NONE',  ( -65.00000000000000000, 53.69292863671249449, -4.999999999999995559 ) ) ;
#359 = EDGE_CURVE ( 'NONE', #442, #1518, #1535, .T. ) ;
#360 = CARTESIAN_POINT ( 'NONE',  ( 0.000000000000000000, -0.6299470188197567877, -1.500000000000000888 ) ) ;
#361 = VERTEX_POINT ( 'NONE', #944 ) ;
#362 = FACE_OUTER_BOUND ( 'NONE', #149, .T. ) ;
#363 = VERTEX_POINT ( 'NONE', #2009 ) ;
#364 = EDGE_CURVE ( 'NONE', #164, #2091, #1114, .T. ) ;
#365 = FACE_OUTER_BOUND ( 'NONE', #481, .T. ) ;
#366 = VECTOR ( 'NONE', #2161, 1000.000000000000000 ) ;
#367 = LINE ( 'NONE', #836, #770 ) ;
#368 = DIRECTION ( 'NONE',  ( 0.000000000000000000, 0.000000000000000000, -1.000000000000000000 ) ) ;
#369 = VERTEX_POINT ( 'NONE', #2172 ) ;
#370 = DIRECTION ( 'NONE',  ( 0.000000000000000000, 0.000000000000000000, -1.000000000000000000 ) ) ;
#371 = CARTESIAN_POINT ( 'NONE',  ( -65.00000000000000000, 59.69292863671248028, 1.499999999999999778 ) ) ;
#372 = EDGE_LOOP ( 'NONE', ( #1871, #428, #26, #80 ) ) ;
#373 = CARTESIAN_POINT ( 'NONE',  ( -65.00000000000000000, 27.69292863671250871, -16.99999999999999645 ) ) ;
#374 = EDGE_LOOP ( 'NONE', ( #2155, #1127, #1382, #2104 ) ) ;
#375 = PRODUCT_DEFINITION ( 'UNKNOWN', '', #1675, #1321 ) ;
#376 = CARTESIAN_POINT ( 'NONE',  ( 0.000000000000000000, 59.69292863671250160, -17.00000000000000000 ) ) ;
#377 = AXIS2_PLACEMENT_3D ( 'NONE', #1080, #583, #1766 ) ;
#378 = EDGE_CURVE ( 'NONE', #529, #965, #790, .T. ) ;
#379 = AXIS2_PLACEMENT_3D ( 'NONE', #554, #226, #1603 ) ;
#380 = CARTESIAN_POINT ( 'NONE',  ( 0.000000000000000000, -8.307071363287491295, 4.999999999999975131 ) ) ;
#381 = FACE_OUTER_BOUND ( 'NONE', #788, .T. ) ;
#382 = ORIENTED_EDGE ( 'NONE', *, *, #48, .T. ) ;
#383 = DIRECTION ( 'NONE',  ( 0.000000000000000000, -1.000000000000000000, -8.673617379884030542E-16 ) ) ;
#384 = CARTESIAN_POINT ( 'NONE',  ( -65.00000000000000000, 39.69292863671248739, 16.99999999999998579 ) ) ;
#385 = ORIENTED_EDGE ( 'NONE', *, *, #513, .F. ) ;
#386 = CARTESIAN_POINT ( 'NONE',  ( -65.00000000000000000, 29.69292863671250515, 4.999999999999988454 ) ) ;
#387 = PLANE ( 'NONE',  #1746 ) ;
#388 = ADVANCED_FACE ( 'NONE', ( #682 ), #994, .T. ) ;
#389 = CARTESIAN_POINT ( 'NONE',  ( -65.00000000000000000, 27.69292863671251581, -4.999999999999993783 ) ) ;
#390 = FACE_OUTER_BOUND ( 'NONE', #327, .T. ) ;
#391 = EDGE_CURVE ( 'NONE', #2055, #99, #86, .T. ) ;
#392 = ORIENTED_EDGE ( 'NONE', *, *, #1980, .F. ) ;
#393 = PRESENTATION_STYLE_ASSIGNMENT (( #1275 ) ) ;
#394 = LINE ( 'NONE', #1117, #1605 ) ;
#395 = EDGE_LOOP ( 'NONE', ( #841, #199, #730, #267 ) ) ;
#396 = DIRECTION ( 'NONE',  ( 1.000000000000000000, 0.000000000000000000, 0.000000000000000000 ) ) ;
#397 = CARTESIAN_POINT ( 'NONE',  ( -65.00000000000000000, -0.6299470188197570097, -1.500000000000001110 ) ) ;
#398 = VECTOR ( 'NONE', #832, 1000.000000000000000 ) ;
#399 = VECTOR ( 'NONE', #1650, 1000.000000000000000 ) ;
#400 = DIRECTION ( 'NONE',  ( 0.000000000000000000, -1.000000000000000000, -5.782411586589359611E-16 ) ) ;
#401 = FACE_OUTER_BOUND ( 'NONE', #482, .T. ) ;
#402 = EDGE_CURVE ( 'NONE', #461, #1513, #780, .T. ) ;
#403 = ORIENTED_EDGE ( 'NONE', *, *, #402, .F. ) ;
#404 = DIRECTION ( 'NONE',  ( 1.000000000000000000, 0.000000000000000000, 0.000000000000000000 ) ) ;
#405 = FACE_OUTER_BOUND ( 'NONE', #727, .T. ) ;
#406 = VERTEX_POINT ( 'NONE', #2182 ) ;
#407 = DIRECTION ( 'NONE',  ( 0.000000000000000000, 1.000000000000000000, -5.782411586589357392E-17 ) ) ;
#408 = DIRECTION ( 'NONE',  ( 0.000000000000000000, 0.000000000000000000, -1.000000000000000000 ) ) ;
#409 = AXIS2_PLACEMENT_3D ( 'NONE', #1472, #2196, #818 ) ;
#410 = FACE_OUTER_BOUND ( 'NONE', #1759, .T. ) ;
#411 = AXIS2_PLACEMENT_3D ( 'NONE', #273, #295, #1325 ) ;
#412 = DIRECTION ( 'NONE',  ( -0.000000000000000000, 5.782411586589359611E-16, -1.000000000000000000 ) ) ;
#413 =( GEOMETRIC_REPRESENTATION_CONTEXT ( 3 ) GLOBAL_UNCERTAINTY_ASSIGNED_CONTEXT ( ( #1632 ) ) GLOBAL_UNIT_ASSIGNED_CONTEXT ( ( #1811, #1449, #1137 ) ) REPRESENTATION_CONTEXT ( 'NONE', 'WORKASPACE' ) );
#414 = VERTEX_POINT ( 'NONE', #2225 ) ;
#415 = DIRECTION ( 'NONE',  ( 0.000000000000000000, -1.000000000000000000, -1.734723475976812518E-16 ) ) ;
#416 = CARTESIAN_POINT ( 'NONE',  ( 0.000000000000000000, 45.69292863671249449, 4.999999999999992006 ) ) ;
#417 = ORIENTED_EDGE ( 'NONE', *, *, #1157, .F. ) ;
#418 = EDGE_CURVE ( 'NONE', #1400, #235, #285, .T. ) ;
#419 = DIRECTION ( 'NONE',  ( 0.000000000000000000, 2.168404344971006896E-16, -1.000000000000000000 ) ) ;
#420 = VERTEX_POINT ( 'NONE', #1459 ) ;
#421 = FACE_OUTER_BOUND ( 'NONE', #1751, .T. ) ;
#422 = EDGE_CURVE ( 'NONE', #1626, #369, #1329, .T. ) ;
#423 = VECTOR ( 'NONE', #1363, 1000.000000000000000 ) ;
#424 = FACE_OUTER_BOUND ( 'NONE', #1770, .T. ) ;
#425 = ORIENTED_EDGE ( 'NONE', *, *, #2074, .F. ) ;
#426 = LINE ( 'NONE', #2133, #1993 ) ;
#427 = CARTESIAN_POINT ( 'NONE',  ( 0.000000000000000000, 35.69292863671250160, 4.999999999999988454 ) ) ;
#428 = ORIENTED_EDGE ( 'NONE', *, *, #2037, .F. ) ;
#429 = CARTESIAN_POINT ( 'NONE',  ( 0.000000000000000000, 39.69292863671249449, -16.99999999999999289 ) ) ;
#430 = ADVANCED_FACE ( 'NONE', ( #253 ), #2151, .T. ) ;
#431 = CARTESIAN_POINT ( 'NONE',  ( -65.00000000000000000, 27.69292863671250515, 16.99999999999998934 ) ) ;
#432 = ADVANCED_FACE ( 'NONE', ( #469 ), #108, .F. ) ;
#433 = CARTESIAN_POINT ( 'NONE',  ( -65.00000000000000000, 21.69292863671250871, -9.999999999999994671 ) ) ;
#434 = VECTOR ( 'NONE', #1010, 1000.000000000000000 ) ;
#435 = AXIS2_PLACEMENT_3D ( 'NONE', #968, #159, #443 ) ;
#436 = ORIENTED_EDGE ( 'NONE', *, *, #1388, .T. ) ;
#437 = VERTEX_POINT ( 'NONE', #1162 ) ;
#438 = CARTESIAN_POINT ( 'NONE',  ( -65.00000000000000000, -8.307071363287489518, -4.999999999999992006 ) ) ;
#439 = VERTEX_POINT ( 'NONE', #1674 ) ;
#440 = CARTESIAN_POINT ( 'NONE',  ( -65.00000000000000000, 29.69292863671250515, -4.999999999999995559 ) ) ;
#441 = CARTESIAN_POINT ( 'NONE',  ( -65.00000000000000000, 50.69292863671248028, -1.084202172485503645E-15 ) ) ;
#442 = VERTEX_POINT ( 'NONE', #1837 ) ;
#443 = DIRECTION ( 'NONE',  ( 0.000000000000000000, -0.6614378277661480121, 0.7499999999999997780 ) ) ;
#444 = ADVANCED_FACE ( 'NONE', ( #424 ), #980, .T. ) ;
#445 = AXIS2_PLACEMENT_3D ( 'NONE', #27, #892, #1572 ) ;
#446 = EDGE_LOOP ( 'NONE', ( #178, #2046, #911, #382 ) ) ;
#447 = LINE ( 'NONE', #1816, #202 ) ;
#448 = ORIENTED_EDGE ( 'NONE', *, *, #2026, .T. ) ;
#449 = VECTOR ( 'NONE', #1591, 1000.000000000000000 ) ;
#450 = CARTESIAN_POINT ( 'NONE',  ( -65.00000000000000000, 45.69292863671249449, -16.99999999999999289 ) ) ;
#451 = EDGE_LOOP ( 'NONE', ( #1289, #35, #335, #675 ) ) ;
#452 = PLANE ( 'NONE',  #1014 ) ;
#453 = FACE_OUTER_BOUND ( 'NONE', #350, .T. ) ;
#454 = ORIENTED_EDGE ( 'NONE', *, *, #1931, .T. ) ;
#455 = VECTOR ( 'NONE', #404, 1000.000000000000000 ) ;
#456 = ORIENTED_EDGE ( 'NONE', *, *, #814, .T. ) ;
#457 = DIRECTION ( 'NONE',  ( 0.000000000000000000, 0.000000000000000000, -1.000000000000000000 ) ) ;
#458 = EDGE_CURVE ( 'NONE', #1699, #37, #1982, .T. ) ;
#459 = ORIENTED_EDGE ( 'NONE', *, *, #1517, .T. ) ;
#460 = DIRECTION ( 'NONE',  ( 1.000000000000000000, -0.000000000000000000, -0.000000000000000000 ) ) ;
#461 = VERTEX_POINT ( 'NONE', #1649 ) ;
#462 = EDGE_CURVE ( 'NONE', #899, #1688, #957, .T. ) ;
#463 = PLANE ( 'NONE',  #234 ) ;
#464 = ORIENTED_EDGE ( 'NONE', *, *, #1438, .T. ) ;
#465 = CARTESIAN_POINT ( 'NONE',  ( 0.000000000000000000, 29.69292863671250515, 16.99999999999998579 ) ) ;
#466 = DIRECTION ( 'NONE',  ( 1.000000000000000000, 0.000000000000000000, 0.000000000000000000 ) ) ;
#467 = VERTEX_POINT ( 'NONE', #1994 ) ;
#468 = ORIENTED_EDGE ( 'NONE', *, *, #6, .T. ) ;
#469 = FACE_OUTER_BOUND ( 'NONE', #1150, .T. ) ;
#470 = ORIENTED_EDGE ( 'NONE', *, *, #242, .F. ) ;
#471 = DIRECTION ( 'NONE',  ( 0.000000000000000000, 1.000000000000000000, 2.168404344971010594E-16 ) ) ;
#472 = EDGE_CURVE ( 'NONE', #137, #437, #1826, .T. ) ;
#473 = VECTOR ( 'NONE', #2072, 1000.000000000000000 ) ;
#474 = CARTESIAN_POINT ( 'NONE',  ( -65.00000000000000000, 39.69292863671249449, -16.99999999999999289 ) ) ;
#475 = ORIENTED_EDGE ( 'NONE', *, *, #318, .T. ) ;
#476 = CARTESIAN_POINT ( 'NONE',  ( 0.000000000000000000, 59.69292863671250160, -17.00000000000000000 ) ) ;
#477 = ADVANCED_FACE ( 'NONE', ( #362 ), #1763, .T. ) ;
#478 = CARTESIAN_POINT ( 'NONE',  ( -65.00000000000000000, 0.6929286367125392365, -1.084202172485503645E-15 ) ) ;
#479 = VERTEX_POINT ( 'NONE', #877 ) ;
#480 = ORIENTED_EDGE ( 'NONE', *, *, #2086, .F. ) ;
#481 = EDGE_LOOP ( 'NONE', ( #2210, #520, #1831, #1176 ) ) ;
#482 = EDGE_LOOP ( 'NONE', ( #497, #1312, #1040, #503 ) ) ;
#483 = DIRECTION ( 'NONE',  ( 1.000000000000000000, 0.000000000000000000, 0.000000000000000000 ) ) ;
#484 = ORIENTED_EDGE ( 'NONE', *, *, #1178, .F. ) ;
#485 = PLANE ( 'NONE',  #146 ) ;
#486 = VECTOR ( 'NONE', #927, 1000.000000000000000 ) ;
#487 = EDGE_CURVE ( 'NONE', #1740, #1699, #351, .T. ) ;
#488 = CARTESIAN_POINT ( 'NONE',  ( -65.00000000000000000, 29.69292863671250871, -16.99999999999999289 ) ) ;
#489 = ORIENTED_EDGE ( 'NONE', *, *, #1496, .T. ) ;
#490 = ORIENTED_EDGE ( 'NONE', *, *, #1659, .F. ) ;
#491 = ADVANCED_FACE ( 'NONE', ( #1045 ), #1905, .F. ) ;
#492 = DIRECTION ( 'NONE',  ( -0.000000000000000000, -1.000000000000000000, 1.734723475976805517E-15 ) ) ;
#493 = CARTESIAN_POINT ( 'NONE',  ( -65.00000000000000000, 27.69292863671251581, 4.999999999999985789 ) ) ;
#494 = ORIENTED_EDGE ( 'NONE', *, *, #33, .T. ) ;
#495 = CARTESIAN_POINT ( 'NONE',  ( -65.00000000000000000, 35.69292863671250160, 4.999999999999988454 ) ) ;
#496 = DIRECTION ( 'NONE',  ( 0.000000000000000000, 1.000000000000000000, 2.168404344971012566E-16 ) ) ;
#497 = ORIENTED_EDGE ( 'NONE', *, *, #1203, .F. ) ;
#498 = ORIENTED_EDGE ( 'NONE', *, *, #2101, .F. ) ;
#499 = EDGE_CURVE ( 'NONE', #1190, #406, #216, .T. ) ;
#500 = CARTESIAN_POINT ( 'NONE',  ( -65.00000000000000000, 33.69292863671250160, -4.999999999999994671 ) ) ;
#501 = LINE ( 'NONE', #1921, #1678 ) ;
#502 = VECTOR ( 'NONE', #1310, 1000.000000000000000 ) ;
#503 = ORIENTED_EDGE ( 'NONE', *, *, #2037, .T. ) ;
#504 = DIRECTION ( 'NONE',  ( -0.000000000000000000, 6.938893903907227392E-16, -1.000000000000000000 ) ) ;
#505 = VECTOR ( 'NONE', #1951, 1000.000000000000000 ) ;
#506 = CARTESIAN_POINT ( 'NONE',  ( 0.000000000000000000, 47.69292863671249449, -4.999999999999996447 ) ) ;
#507 = ORIENTED_EDGE ( 'NONE', *, *, #584, .F. ) ;
#508 = DIRECTION ( 'NONE',  ( 0.000000000000000000, -1.000000000000000000, -1.412250373757203980E-16 ) ) ;
#509 = VECTOR ( 'NONE', #471, 1000.000000000000000 ) ;
#510 = VERTEX_POINT ( 'NONE', #1077 ) ;
#511 = VECTOR ( 'NONE', #910, 1000.000000000000000 ) ;
#512 = CARTESIAN_POINT ( 'NONE',  ( -65.00000000000000000, -0.6299470188197570097, 1.499999999999998668 ) ) ;
#513 = EDGE_CURVE ( 'NONE', #171, #164, #1891, .T. ) ;
#514 = LINE ( 'NONE', #846, #473 ) ;
#515 = CARTESIAN_POINT ( 'NONE',  ( -65.00000000000000000, 57.69292863671250160, 4.999999999999995559 ) ) ;
#516 = ADVANCED_FACE ( 'NONE', ( #2089 ), #1581, .T. ) ;
#517 = EDGE_LOOP ( 'NONE', ( #1582, #284, #1023, #2030 ) ) ;
#518 = CARTESIAN_POINT ( 'NONE',  ( 0.000000000000000000, 27.69292863671251581, -4.999999999999993783 ) ) ;
#519 = DIRECTION ( 'NONE',  ( 0.000000000000000000, -5.782411586589356653E-16, -1.000000000000000000 ) ) ;
#520 = ORIENTED_EDGE ( 'NONE', *, *, #48, .F. ) ;
#521 = AXIS2_PLACEMENT_3D ( 'NONE', #685, #1754, #1025 ) ;
#522 = CARTESIAN_POINT ( 'NONE',  ( -65.00000000000000000, 59.69292863671248028, 1.499999999999999778 ) ) ;
#523 = ORIENTED_EDGE ( 'NONE', *, *, #378, .T. ) ;
#524 = VECTOR ( 'NONE', #1277, 1000.000000000000000 ) ;
#525 = LINE ( 'NONE', #868, #631 ) ;
#526 = CARTESIAN_POINT ( 'NONE',  ( -65.00000000000000000, 35.69292863671250160, -4.999999999999995559 ) ) ;
#527 = CARTESIAN_POINT ( 'NONE',  ( -65.00000000000000000, 41.69292863671250160, -4.999999999999996447 ) ) ;
#528 = ADVANCED_FACE ( 'NONE', ( #1235 ), #556, .T. ) ;
#529 = VERTEX_POINT ( 'NONE', #1729 ) ;
#530 = DIRECTION ( 'NONE',  ( -0.000000000000000000, -1.000000000000000000, -0.000000000000000000 ) ) ;
#531 = CARTESIAN_POINT ( 'NONE',  ( -65.00000000000000000, 59.69292863671250160, -17.00000000000000000 ) ) ;
#532 = ORIENTED_EDGE ( 'NONE', *, *, #1416, .F. ) ;
#533 = CARTESIAN_POINT ( 'NONE',  ( 0.000000000000000000, 23.69292863671251226, 4.999999999999985789 ) ) ;
#534 = ORIENTED_EDGE ( 'NONE', *, *, #758, .T. ) ;
#535 = LINE ( 'NONE', #1720, #1601 ) ;
#536 = LINE ( 'NONE', #1550, #2164 ) ;
#537 = PLANE ( 'NONE',  #752 ) ;
#538 = ORIENTED_EDGE ( 'NONE', *, *, #2117, .F. ) ;
#539 = EDGE_CURVE ( 'NONE', #1801, #1835, #179, .T. ) ;
#540 = LINE ( 'NONE', #1578, #1347 ) ;
#541 = CARTESIAN_POINT ( 'NONE',  ( 0.000000000000000000, 29.69292863671250515, 16.99999999999998579 ) ) ;
#542 = ORIENTED_EDGE ( 'NONE', *, *, #2022, .F. ) ;
#543 = ADVANCED_FACE ( 'NONE', ( #1248 ), #1557, .T. ) ;
#544 = DIRECTION ( 'NONE',  ( 0.000000000000000000, -1.000000000000000000, -1.734723475976812518E-16 ) ) ;
#545 = EDGE_LOOP ( 'NONE', ( #1406, #901, #24, #144 ) ) ;
#546 = VECTOR ( 'NONE', #294, 1000.000000000000000 ) ;
#547 = CARTESIAN_POINT ( 'NONE',  ( -65.00000000000000000, 59.69292863671250160, -17.00000000000000000 ) ) ;
#548 = VECTOR ( 'NONE', #2019, 1000.000000000000000 ) ;
#549 = LINE ( 'NONE', #1450, #505 ) ;
#550 = DIRECTION ( 'NONE',  ( 1.000000000000000000, 0.000000000000000000, -0.000000000000000000 ) ) ;
#551 = VECTOR ( 'NONE', #44, 1000.000000000000000 ) ;
#552 = ORIENTED_EDGE ( 'NONE', *, *, #364, .T. ) ;
#553 = CARTESIAN_POINT ( 'NONE',  ( 0.000000000000000000, 52.01580429224477342, -1.500000000000001110 ) ) ;
#554 = CARTESIAN_POINT ( 'NONE',  ( -65.00000000000000000, 41.69292863671249449, 16.99999999999998579 ) ) ;
#555 = ORIENTED_EDGE ( 'NONE', *, *, #1112, .T. ) ;
#556 = PLANE ( 'NONE',  #2060 ) ;
#557 = EDGE_CURVE ( 'NONE', #678, #965, #1739, .T. ) ;
#558 = AXIS2_PLACEMENT_3D ( 'NONE', #1657, #1682, #117 ) ;
#559 = CARTESIAN_POINT ( 'NONE',  ( -65.00000000000000000, 57.69292863671250160, -4.999999999999995559 ) ) ;
#560 = VECTOR ( 'NONE', #1444, 1000.000000000000000 ) ;
#561 = EDGE_CURVE ( 'NONE', #668, #2192, #340, .T. ) ;
#562 = CARTESIAN_POINT ( 'NONE',  ( -65.00000000000000000, 45.69292863671249449, 4.999999999999992006 ) ) ;
#563 = PLANE ( 'NONE',  #744 ) ;
#564 = ORIENTED_EDGE ( 'NONE', *, *, #686, .F. ) ;
#565 = PLANE ( 'NONE',  #332 ) ;
#566 = LINE ( 'NONE', #2102, #891 ) ;
#567 = VERTEX_POINT ( 'NONE', #1213 ) ;
#568 = LINE ( 'NONE', #1098, #689 ) ;
#569 = AXIS2_PLACEMENT_3D ( 'NONE', #1409, #1386, #1217 ) ;
#570 = DIRECTION ( 'NONE',  ( 1.000000000000000000, 0.000000000000000000, 0.000000000000000000 ) ) ;
#571 = ADVANCED_FACE ( 'NONE', ( #191 ), #707, .T. ) ;
#572 = CARTESIAN_POINT ( 'NONE',  ( 0.000000000000000000, 21.69292863671250515, 9.999999999999984013 ) ) ;
#573 = LINE ( 'NONE', #68, #1672 ) ;
#574 = EDGE_LOOP ( 'NONE', ( #969, #31, #774, #523 ) ) ;
#575 = LINE ( 'NONE', #238, #560 ) ;
#576 = ORIENTED_EDGE ( 'NONE', *, *, #787, .F. ) ;
#577 = DIRECTION ( 'NONE',  ( -0.000000000000000000, 5.782411586589354681E-16, -1.000000000000000000 ) ) ;
#578 = PLANE ( 'NONE',  #1387 ) ;
#579 = VECTOR ( 'NONE', #718, 1000.000000000000000 ) ;
#580 = VECTOR ( 'NONE', #1079, 1000.000000000000000 ) ;
#581 = SHAPE_DEFINITION_REPRESENTATION ( #1825, #1140 ) ;
#582 = PLANE ( 'NONE',  #325 ) ;
#583 = DIRECTION ( 'NONE',  ( -0.000000000000000000, 1.000000000000000000, 6.938893903907228378E-16 ) ) ;
#584 = EDGE_CURVE ( 'NONE', #2192, #1019, #170, .T. ) ;
#585 = ORIENTED_EDGE ( 'NONE', *, *, #1898, .T. ) ;
#586 = DIRECTION ( 'NONE',  ( 0.000000000000000000, -5.782411586589355667E-16, -1.000000000000000000 ) ) ;
#587 = VECTOR ( 'NONE', #724, 1000.000000000000000 ) ;
#588 = ADVANCED_FACE ( 'NONE', ( #2054 ), #1570, .T. ) ;
#589 = CARTESIAN_POINT ( 'NONE',  ( -65.00000000000000000, 53.69292863671249449, -16.99999999999999645 ) ) ;
#590 = ORIENTED_EDGE ( 'NONE', *, *, #1872, .T. ) ;
#591 = CARTESIAN_POINT ( 'NONE',  ( -65.00000000000000000, 57.69292863671250160, -17.00000000000000000 ) ) ;
#592 = ORIENTED_EDGE ( 'NONE', *, *, #169, .F. ) ;
#593 = PLANE ( 'NONE',  #1822 ) ;
#594 = LINE ( 'NONE', #40, #733 ) ;
#595 = VECTOR ( 'NONE', #1407, 1000.000000000000000 ) ;
#596 = CARTESIAN_POINT ( 'NONE',  ( -65.00000000000000000, 51.69292863671250160, 4.999999999999993783 ) ) ;
#597 = ORIENTED_EDGE ( 'NONE', *, *, #318, .F. ) ;
#598 = CARTESIAN_POINT ( 'NONE',  ( -65.00000000000000000, 39.69292863671249449, -4.999999999999995559 ) ) ;
#599 = EDGE_CURVE ( 'NONE', #1343, #1317, #2, .T. ) ;
#600 = CARTESIAN_POINT ( 'NONE',  ( -65.00000000000000000, 27.69292863671250515, 16.99999999999998934 ) ) ;
#601 = ORIENTED_EDGE ( 'NONE', *, *, #2194, .F. ) ;
#602 = PLANE ( 'NONE',  #1586 ) ;
#603 =( GEOMETRIC_REPRESENTATION_CONTEXT ( 3 ) GLOBAL_UNCERTAINTY_ASSIGNED_CONTEXT ( ( #1999 ) ) GLOBAL_UNIT_ASSIGNED_CONTEXT ( ( #2122, #1760, #2142 ) ) REPRESENTATION_CONTEXT ( 'NONE', 'WORKASPACE' ) );
#604 = EDGE_CURVE ( 'NONE', #1645, #442, #1989, .T. ) ;
#605 = ORIENTED_EDGE ( 'NONE', *, *, #959, .T. ) ;
#606 = DIRECTION ( 'NONE',  ( -1.000000000000000000, 0.000000000000000000, 0.000000000000000000 ) ) ;
#607 = DIRECTION ( 'NONE',  ( 0.000000000000000000, 1.000000000000000000, 0.000000000000000000 ) ) ;
#608 = VERTEX_POINT ( 'NONE', #440 ) ;
#609 = CARTESIAN_POINT ( 'NONE',  ( -65.00000000000000000, -8.307071363287468202, -1.500000000000001110 ) ) ;
#610 = ORIENTED_EDGE ( 'NONE', *, *, #1873, .T. ) ;
#611 = EDGE_CURVE ( 'NONE', #212, #1367, #568, .T. ) ;
#612 = ORIENTED_EDGE ( 'NONE', *, *, #1562, .T. ) ;
#613 = CARTESIAN_POINT ( 'NONE',  ( -65.00000000000000000, 39.69292863671249449, 4.999999999999990230 ) ) ;
#614 = ADVANCED_FACE ( 'NONE', ( #778 ), #1457, .T. ) ;
#615 = DIRECTION ( 'NONE',  ( 0.000000000000000000, 0.000000000000000000, -1.000000000000000000 ) ) ;
#616 = AXIS2_PLACEMENT_3D ( 'NONE', #1979, #952, #240 ) ;
#617 = DIRECTION ( 'NONE',  ( -0.000000000000000000, -1.000000000000000000, -0.000000000000000000 ) ) ;
#618 = VECTOR ( 'NONE', #1362, 1000.000000000000000 ) ;
#619 = ORIENTED_EDGE ( 'NONE', *, *, #700, .T. ) ;
#620 = DIRECTION ( 'NONE',  ( 0.000000000000000000, -0.7499999999999997780, -0.6614378277661479011 ) ) ;
#621 = ORIENTED_EDGE ( 'NONE', *, *, #1083, .F. ) ;
#622 = VECTOR ( 'NONE', #900, 1000.000000000000000 ) ;
#623 = DIRECTION ( 'NONE',  ( 0.000000000000000000, 0.000000000000000000, -1.000000000000000000 ) ) ;
#624 = ORIENTED_EDGE ( 'NONE', *, *, #963, .T. ) ;
#625 = CARTESIAN_POINT ( 'NONE',  ( -65.00000000000000000, 41.69292863671250160, -16.99999999999999289 ) ) ;
#626 = FACE_OUTER_BOUND ( 'NONE', #574, .T. ) ;
#627 = ORIENTED_EDGE ( 'NONE', *, *, #1576, .F. ) ;
#628 = EDGE_CURVE ( 'NONE', #965, #420, #966, .T. ) ;
#629 = CARTESIAN_POINT ( 'NONE',  ( 0.000000000000000000, 47.69292863671249449, 4.999999999999992895 ) ) ;
#630 = VECTOR ( 'NONE', #870, 1000.000000000000000 ) ;
#631 = VECTOR ( 'NONE', #5, 1000.000000000000000 ) ;
#632 = CARTESIAN_POINT ( 'NONE',  ( -65.00000000000000000, 51.69292863671250160, -4.999999999999995559 ) ) ;
#633 = CARTESIAN_POINT ( 'NONE',  ( -65.00000000000000000, 39.69292863671249449, -4.999999999999995559 ) ) ;
#634 = EDGE_LOOP ( 'NONE', ( #385, #1188, #260, #1955 ) ) ;
#635 = AXIS2_PLACEMENT_3D ( 'NONE', #1633, #623, #1841 ) ;
#636 = DIRECTION ( 'NONE',  ( 0.000000000000000000, 1.000000000000000000, 0.000000000000000000 ) ) ;
#637 = EDGE_LOOP ( 'NONE', ( #694, #301, #2020, #2032 ) ) ;
#638 = DIRECTION ( 'NONE',  ( 0.000000000000000000, -2.040851148208008245E-16, 1.000000000000000000 ) ) ;
#639 = FACE_OUTER_BOUND ( 'NONE', #2214, .T. ) ;
#640 = ORIENTED_EDGE ( 'NONE', *, *, #76, .T. ) ;
#641 = EDGE_LOOP ( 'NONE', ( #1762, #1057, #1545, #1588, #1100, #456, #1988, #906, #271, #996, #1236, #1222, #1034, #1166, #953, #464, #1716, #1840, #1234, #1185, #1996, #1556, #786, #619, #800, #1393, #1093, #317, #2084, #552, #605, #341, #104, #1580, #2195, #2015, #1294, #1543, #1163, #1131, #1274, #1097, #346, #1004, #1012, #2163, #1145, #612, #448, #1436, #1224, #1510, #1648, #1421, #494, #665, #766, #610, #872, #1068, #1148, #1305, #647, #459, #107, #1849 ) ) ;
#642 = ADVANCED_FACE ( 'NONE', ( #1110 ), #261, .T. ) ;
#643 = CARTESIAN_POINT ( 'NONE',  ( 0.000000000000000000, 27.69292863671251581, -4.999999999999993783 ) ) ;
#644 = ADVANCED_FACE ( 'NONE', ( #1959 ), #602, .F. ) ;
#645 = ORIENTED_EDGE ( 'NONE', *, *, #487, .T. ) ;
#646 = CARTESIAN_POINT ( 'NONE',  ( -65.00000000000000000, 41.69292863671250160, 4.999999999999991118 ) ) ;
#647 = ORIENTED_EDGE ( 'NONE', *, *, #1772, .T. ) ;
#648 = DIRECTION ( 'NONE',  ( 0.000000000000000000, -2.891205793294678819E-16, 1.000000000000000000 ) ) ;
#649 = VERTEX_POINT ( 'NONE', #84 ) ;
#650 = CARTESIAN_POINT ( 'NONE',  ( -65.00000000000000000, 23.69292863671251226, -9.999999999999994671 ) ) ;
#651 = CARTESIAN_POINT ( 'NONE',  ( -65.00000000000000000, -8.307071363287468202, 1.499999999999999778 ) ) ;
#652 = EDGE_LOOP ( 'NONE', ( #640, #627, #2166, #1553 ) ) ;
#653 = VERTEX_POINT ( 'NONE', #755 ) ;
#654 = VECTOR ( 'NONE', #1625, 1000.000000000000000 ) ;
#655 = DIRECTION ( 'NONE',  ( 0.000000000000000000, -1.000000000000000000, -2.168404344971010594E-16 ) ) ;
#656 = EDGE_LOOP ( 'NONE', ( #2078, #1565, #1199, #585 ) ) ;
#657 = EDGE_CURVE ( 'NONE', #1367, #717, #1775, .T. ) ;
#658 = CLOSED_SHELL ( 'NONE', ( #516, #2159, #698, #1013, #2144, #827, #1942, #1370, #2127, #971, #1628, #729, #477, #771, #1454, #331, #1619, #1797, #1411, #2059, #1193, #211, #1182, #1191, #571, #444, #588, #1827, #2222, #1099, #684, #1573, #430, #642, #893, #1673, #1956, #2156, #614, #1883, #2198, #1755, #1273, #739, #2212, #1361, #1669, #1440, #2140, #224, #674, #1316, #543, #796, #266, #1384, #388, #528, #1643, #644, #1594, #1810, #432, #1785, #1788, #1167, #1299, #491 ) ) ;
#659 = PLANE ( 'NONE',  #2147 ) ;
#660 = EDGE_LOOP ( 'NONE', ( #624, #484, #1634, #1540 ) ) ;
#661 = CARTESIAN_POINT ( 'NONE',  ( -65.00000000000000000, 35.69292863671250160, -16.99999999999999289 ) ) ;
#662 = CARTESIAN_POINT ( 'NONE',  ( 0.000000000000000000, 59.69292863671248028, 1.499999999999999778 ) ) ;
#663 = VERTEX_POINT ( 'NONE', #96 ) ;
#664 = VERTEX_POINT ( 'NONE', #591 ) ;
#665 = ORIENTED_EDGE ( 'NONE', *, *, #686, .T. ) ;
#666 = LINE ( 'NONE', #1962, #39 ) ;
#667 = VECTOR ( 'NONE', #466, 1000.000000000000000 ) ;
#668 = VERTEX_POINT ( 'NONE', #1614 ) ;
#669 = PLANE ( 'NONE',  #254 ) ;
#670 = VECTOR ( 'NONE', #2069, 1000.000000000000000 ) ;
#671 = AXIS2_PLACEMENT_3D ( 'NONE', #1414, #103, #1652 ) ;
#672 = CARTESIAN_POINT ( 'NONE',  ( -65.00000000000000000, 39.69292863671249449, -16.99999999999999289 ) ) ;
#673 = VERTEX_POINT ( 'NONE', #613 ) ;
#674 = ADVANCED_FACE ( 'NONE', ( #1606 ), #272, .T. ) ;
#675 = ORIENTED_EDGE ( 'NONE', *, *, #1259, .T. ) ;
#676 = CARTESIAN_POINT ( 'NONE',  ( -65.00000000000000000, 59.69292863671248028, 1.499999999999999778 ) ) ;
#677 = DIRECTION ( 'NONE',  ( 1.000000000000000000, 0.000000000000000000, 0.000000000000000000 ) ) ;
#678 = VERTEX_POINT ( 'NONE', #1435 ) ;
#679 = PLANE ( 'NONE',  #287 ) ;
#680 = FACE_OUTER_BOUND ( 'NONE', #2141, .T. ) ;
#681 = ORIENTED_EDGE ( 'NONE', *, *, #20, .T. ) ;
#682 = FACE_OUTER_BOUND ( 'NONE', #1214, .T. ) ;
#683 = ORIENTED_EDGE ( 'NONE', *, *, #825, .T. ) ;
#684 = ADVANCED_FACE ( 'NONE', ( #1088 ), #228, .T. ) ;
#685 = CARTESIAN_POINT ( 'NONE',  ( -65.00000000000000000, 33.69292863671249449, 16.99999999999998579 ) ) ;
#686 = EDGE_CURVE ( 'NONE', #1086, #1283, #932, .T. ) ;
#687 = LINE ( 'NONE', #1686, #1769 ) ;
#688 = FACE_OUTER_BOUND ( 'NONE', #876, .T. ) ;
#689 = VECTOR ( 'NONE', #1796, 1000.000000000000000 ) ;
#690 = VERTEX_POINT ( 'NONE', #429 ) ;
#691 = CARTESIAN_POINT ( 'NONE',  ( -65.00000000000000000, 21.69292863671250515, 9.999999999999984013 ) ) ;
#692 = VECTOR ( 'NONE', #1885, 1000.000000000000000 ) ;
#693 = LINE ( 'NONE', #1925, #95 ) ;
#694 = ORIENTED_EDGE ( 'NONE', *, *, #1862, .F. ) ;
#695 = CARTESIAN_POINT ( 'NONE',  ( 0.000000000000000000, 39.69292863671249449, 4.999999999999990230 ) ) ;
#696 = VERTEX_POINT ( 'NONE', #1646 ) ;
#697 = LINE ( 'NONE', #880, #781 ) ;
#698 = ADVANCED_FACE ( 'NONE', ( #2125 ), #1635, .T. ) ;
#699 = LINE ( 'NONE', #1515, #218 ) ;
#700 = EDGE_CURVE ( 'NONE', #1667, #1106, #1279, .T. ) ;
#701 = FACE_OUTER_BOUND ( 'NONE', #887, .T. ) ;
#702 = VERTEX_POINT ( 'NONE', #105 ) ;
#703 = DIRECTION ( 'NONE',  ( -0.000000000000000000, -1.000000000000000000, 1.734723475976805517E-15 ) ) ;
#704 = PLANE ( 'NONE',  #2004 ) ;
#705 = ORIENTED_EDGE ( 'NONE', *, *, #1302, .F. ) ;
#706 = AXIS2_PLACEMENT_3D ( 'NONE', #397, #2149, #606 ) ;
#707 = PLANE ( 'NONE',  #322 ) ;
#708 = ORIENTED_EDGE ( 'NONE', *, *, #611, .T. ) ;
#709 = LINE ( 'NONE', #2228, #1781 ) ;
#710 = EDGE_CURVE ( 'NONE', #479, #1692, #1427, .T. ) ;
#711 = CARTESIAN_POINT ( 'NONE',  ( -65.00000000000000000, 21.69292863671250515, 9.999999999999984013 ) ) ;
#712 = CARTESIAN_POINT ( 'NONE',  ( 0.000000000000000000, 53.69292863671248739, 16.99999999999999645 ) ) ;
#713 = EDGE_CURVE ( 'NONE', #510, #1890, #1949, .T. ) ;
#714 = ORIENTED_EDGE ( 'NONE', *, *, #165, .T. ) ;
#715 = LINE ( 'NONE', #358, #1698 ) ;
#716 = DIRECTION ( 'NONE',  ( 1.000000000000000000, -0.000000000000000000, -0.000000000000000000 ) ) ;
#717 = VERTEX_POINT ( 'NONE', #2043 ) ;
#718 = DIRECTION ( 'NONE',  ( -0.000000000000000000, -5.782411586589357639E-16, 1.000000000000000000 ) ) ;
#719 = ORIENTED_EDGE ( 'NONE', *, *, #942, .F. ) ;
#720 = LINE ( 'NONE', #376, #1706 ) ;
#721 = LINE ( 'NONE', #1240, #1053 ) ;
#722 = FACE_OUTER_BOUND ( 'NONE', #1118, .T. ) ;
#723 = VERTEX_POINT ( 'NONE', #1843 ) ;
#724 = DIRECTION ( 'NONE',  ( -0.000000000000000000, -0.000000000000000000, 1.000000000000000000 ) ) ;
#725 = EDGE_CURVE ( 'NONE', #1460, #2181, #975, .T. ) ;
#726 = FACE_OUTER_BOUND ( 'NONE', #634, .T. ) ;
#727 = EDGE_LOOP ( 'NONE', ( #1928, #1671, #813, #157 ) ) ;
#728 = DIRECTION ( 'NONE',  ( 0.000000000000000000, -1.000000000000000000, 2.168404344971012566E-16 ) ) ;
#729 = ADVANCED_FACE ( 'NONE', ( #138 ), #669, .T. ) ;
#730 = ORIENTED_EDGE ( 'NONE', *, *, #1814, .F. ) ;
#731 = VECTOR ( 'NONE', #1267, 1000.000000000000000 ) ;
#732 = LINE ( 'NONE', #1917, #1244 ) ;
#733 = VECTOR ( 'NONE', #1744, 1000.000000000000000 ) ;
#734 = CARTESIAN_POINT ( 'NONE',  ( -65.00000000000000000, 33.69292863671250160, -4.999999999999994671 ) ) ;
#735 = PLANE ( 'NONE',  #2143 ) ;
#736 = COLOUR_RGB ( '',0.7921568627450980005, 0.8196078431372548767, 0.9333333333333333481 ) ;
#737 = ORIENTED_EDGE ( 'NONE', *, *, #814, .F. ) ;
#738 = LINE ( 'NONE', #609, #551 ) ;
#739 = ADVANCED_FACE ( 'NONE', ( #2034 ), #1511, .T. ) ;
#740 = CARTESIAN_POINT ( 'NONE',  ( -65.00000000000000000, 52.01580429224477342, 1.499999999999998668 ) ) ;
#741 = EDGE_LOOP ( 'NONE', ( #1181, #222, #1155, #1936 ) ) ;
#742 = CARTESIAN_POINT ( 'NONE',  ( -65.00000000000000000, 33.69292863671249449, 16.99999999999998579 ) ) ;
#743 = VERTEX_POINT ( 'NONE', #2201 ) ;
#744 = AXIS2_PLACEMENT_3D ( 'NONE', #1609, #2109, #550 ) ;
#745 = EDGE_CURVE ( 'NONE', #1513, #972, #1475, .T. ) ;
#746 = CARTESIAN_POINT ( 'NONE',  ( -65.00000000000000000, 21.69292863671250871, -4.999999999999993783 ) ) ;
#747 = VECTOR ( 'NONE', #496, 1000.000000000000000 ) ;
#748 = DIRECTION ( 'NONE',  ( -0.000000000000000000, -5.782411586589355667E-16, 1.000000000000000000 ) ) ;
#749 = DIRECTION ( 'NONE',  ( 1.000000000000000000, -0.000000000000000000, -0.000000000000000000 ) ) ;
#750 = ORIENTED_EDGE ( 'NONE', *, *, #1562, .F. ) ;
#751 = LINE ( 'NONE', #1965, #455 ) ;
#752 = AXIS2_PLACEMENT_3D ( 'NONE', #527, #1227, #1722 ) ;
#753 = CARTESIAN_POINT ( 'NONE',  ( 0.000000000000000000, 57.69292863671250160, -17.00000000000000000 ) ) ;
#754 = ORIENTED_EDGE ( 'NONE', *, *, #30, .T. ) ;
#755 = CARTESIAN_POINT ( 'NONE',  ( 0.000000000000000000, -8.307071363287468202, 1.499999999999999778 ) ) ;
#756 = ORIENTED_EDGE ( 'NONE', *, *, #1976, .T. ) ;
#757 = CARTESIAN_POINT ( 'NONE',  ( -65.00000000000000000, 21.69292863671250871, -4.999999999999993783 ) ) ;
#758 = EDGE_CURVE ( 'NONE', #668, #1504, #1655, .T. ) ;
#759 = DIRECTION ( 'NONE',  ( 1.000000000000000000, 0.000000000000000000, 0.000000000000000000 ) ) ;
#760 = LINE ( 'NONE', #244, #1847 ) ;
#761 = FACE_OUTER_BOUND ( 'NONE', #328, .T. ) ;
#762 = EDGE_CURVE ( 'NONE', #1712, #137, #1186, .T. ) ;
#763 = ORIENTED_EDGE ( 'NONE', *, *, #1521, .F. ) ;
#764 = CARTESIAN_POINT ( 'NONE',  ( -65.00000000000000000, 0.6929286367125392365, -1.084202172485503645E-15 ) ) ;
#765 = LINE ( 'NONE', #259, #1638 ) ;
#766 = ORIENTED_EDGE ( 'NONE', *, *, #1330, .T. ) ;
#767 = CARTESIAN_POINT ( 'NONE',  ( 0.000000000000000000, 41.69292863671250160, -4.999999999999996447 ) ) ;
#768 = DIRECTION ( 'NONE',  ( -0.000000000000000000, 0.6614378277661479011, 0.7499999999999997780 ) ) ;
#769 = VECTOR ( 'NONE', #1056, 1000.000000000000000 ) ;
#770 = VECTOR ( 'NONE', #2207, 1000.000000000000000 ) ;
#771 = ADVANCED_FACE ( 'NONE', ( #1519 ), #1857, .T. ) ;
#772 = CARTESIAN_POINT ( 'NONE',  ( -65.00000000000000000, 57.69292863671250160, 4.999999999999995559 ) ) ;
#773 = DIRECTION ( 'NONE',  ( -0.000000000000000000, -1.000000000000000000, -0.000000000000000000 ) ) ;
#774 = ORIENTED_EDGE ( 'NONE', *, *, #852, .F. ) ;
#775 = DIRECTION ( 'NONE',  ( 1.000000000000000000, 0.000000000000000000, 0.000000000000000000 ) ) ;
#776 = CARTESIAN_POINT ( 'NONE',  ( -65.00000000000000000, 33.69292863671250160, -4.999999999999994671 ) ) ;
#777 = ORIENTED_EDGE ( 'NONE', *, *, #2008, .T. ) ;
#778 = FACE_OUTER_BOUND ( 'NONE', #1036, .T. ) ;
#779 = DIRECTION ( 'NONE',  ( -1.000000000000000000, 0.000000000000000000, -0.000000000000000000 ) ) ;
#780 = LINE ( 'NONE', #433, #2095 ) ;
#781 = VECTOR ( 'NONE', #1383, 1000.000000000000000 ) ;
#782 = EDGE_CURVE ( 'NONE', #2036, #1523, #986, .T. ) ;
#783 = AXIS2_PLACEMENT_3D ( 'NONE', #1727, #886, #2213 ) ;
#784 = CARTESIAN_POINT ( 'NONE',  ( -65.00000000000000000, 47.69292863671249449, -16.99999999999999645 ) ) ;
#785 = CARTESIAN_POINT ( 'NONE',  ( 0.000000000000000000, 41.69292863671250160, -4.999999999999996447 ) ) ;
#786 = ORIENTED_EDGE ( 'NONE', *, *, #1758, .T. ) ;
#787 = EDGE_CURVE ( 'NONE', #90, #1369, #822, .T. ) ;
#788 = EDGE_LOOP ( 'NONE', ( #977, #490, #1753, #714 ) ) ;
#789 = CARTESIAN_POINT ( 'NONE',  ( -65.00000000000000000, 47.69292863671249449, -4.999999999999996447 ) ) ;
#790 = LINE ( 'NONE', #1470, #548 ) ;
#791 = ORIENTED_EDGE ( 'NONE', *, *, #306, .F. ) ;
#792 = CARTESIAN_POINT ( 'NONE',  ( -65.00000000000000000, 59.69292863671248028, 1.499999999999999778 ) ) ;
#793 = VERTEX_POINT ( 'NONE', #1501 ) ;
#794 = CARTESIAN_POINT ( 'NONE',  ( -65.00000000000000000, -8.307071363287491295, 4.999999999999975131 ) ) ;
#795 = ORIENTED_EDGE ( 'NONE', *, *, #599, .F. ) ;
#796 = ADVANCED_FACE ( 'NONE', ( #304 ), #485, .T. ) ;
#797 = DIRECTION ( 'NONE',  ( 0.000000000000000000, 0.000000000000000000, 1.000000000000000000 ) ) ;
#798 = LINE ( 'NONE', #662, #995 ) ;
#799 = ORIENTED_EDGE ( 'NONE', *, *, #1914, .F. ) ;
#800 = ORIENTED_EDGE ( 'NONE', *, *, #293, .T. ) ;
#801 = VECTOR ( 'NONE', #324, 1000.000000000000000 ) ;
#802 = APPLICATION_PROTOCOL_DEFINITION ( 'draft international standard', 'automotive_design', 1998, #1087 ) ;
#803 = DIRECTION ( 'NONE',  ( -0.000000000000000000, -1.000000000000000000, -4.336808689942013792E-16 ) ) ;
#804 = VECTOR ( 'NONE', #312, 1000.000000000000000 ) ;
#805 = ORIENTED_EDGE ( 'NONE', *, *, #1630, .F. ) ;
#806 = VECTOR ( 'NONE', #2162, 1000.000000000000000 ) ;
#807 = AXIS2_PLACEMENT_3D ( 'NONE', #205, #544, #36 ) ;
#808 = PLANE ( 'NONE',  #635 ) ;
#809 = ORIENTED_EDGE ( 'NONE', *, *, #402, .T. ) ;
#810 = DIRECTION ( 'NONE',  ( 0.000000000000000000, 0.000000000000000000, -1.000000000000000000 ) ) ;
#811 = EDGE_CURVE ( 'NONE', #361, #1978, #1001, .T. ) ;
#812 = CARTESIAN_POINT ( 'NONE',  ( 0.000000000000000000, 33.69292863671249449, 16.99999999999998579 ) ) ;
#813 = ORIENTED_EDGE ( 'NONE', *, *, #422, .T. ) ;
#814 = EDGE_CURVE ( 'NONE', #1051, #1916, #2177, .T. ) ;
#815 = DIRECTION ( 'NONE',  ( 1.000000000000000000, 0.000000000000000000, 0.000000000000000000 ) ) ;
#816 = VECTOR ( 'NONE', #1300, 1000.000000000000000 ) ;
#817 = ORIENTED_EDGE ( 'NONE', *, *, #1630, .T. ) ;
#818 = DIRECTION ( 'NONE',  ( 0.000000000000000000, -5.782411586589354681E-16, 1.000000000000000000 ) ) ;
#819 = AXIS2_PLACEMENT_3D ( 'NONE', #474, #1165, #302 ) ;
#820 = CARTESIAN_POINT ( 'NONE',  ( -65.00000000000000000, 45.69292863671249449, -16.99999999999999289 ) ) ;
#821 = EDGE_LOOP ( 'NONE', ( #799, #884, #645, #1389 ) ) ;
#822 = LINE ( 'NONE', #2025, #1121 ) ;
#823 = CARTESIAN_POINT ( 'NONE',  ( -65.00000000000000000, 29.69292863671250515, -4.999999999999995559 ) ) ;
#824 = ORIENTED_EDGE ( 'NONE', *, *, #762, .F. ) ;
#825 = EDGE_CURVE ( 'NONE', #1296, #246, #1681, .T. ) ;
#826 = CARTESIAN_POINT ( 'NONE',  ( -65.00000000000000000, 29.69292863671250515, 4.999999999999988454 ) ) ;
#827 = ADVANCED_FACE ( 'NONE', ( #1689 ), #452, .T. ) ;
#828 = FACE_OUTER_BOUND ( 'NONE', #1410, .T. ) ;
#829 = ORIENTED_EDGE ( 'NONE', *, *, #905, .T. ) ;
#830 = CARTESIAN_POINT ( 'NONE',  ( -65.00000000000000000, 59.69292863671250160, -17.00000000000000000 ) ) ;
#831 = ORIENTED_EDGE ( 'NONE', *, *, #1743, .T. ) ;
#832 = DIRECTION ( 'NONE',  ( -0.000000000000000000, -0.000000000000000000, 1.000000000000000000 ) ) ;
#833 = CARTESIAN_POINT ( 'NONE',  ( 0.000000000000000000, 27.69292863671251581, 4.999999999999985789 ) ) ;
#834 = ORIENTED_EDGE ( 'NONE', *, *, #862, .F. ) ;
#835 = EDGE_CURVE ( 'NONE', #1024, #1626, #2016, .T. ) ;
#836 = CARTESIAN_POINT ( 'NONE',  ( 0.000000000000000000, 47.69292863671248739, 16.99999999999999645 ) ) ;
#837 = AXIS2_PLACEMENT_3D ( 'NONE', #1446, #2136, #407 ) ;
#838 = CARTESIAN_POINT ( 'NONE',  ( 0.000000000000000000, 23.69292863671251226, -9.999999999999994671 ) ) ;
#839 = EDGE_CURVE ( 'NONE', #931, #723, #1020, .T. ) ;
#840 = VECTOR ( 'NONE', #1629, 1000.000000000000000 ) ;
#841 = ORIENTED_EDGE ( 'NONE', *, *, #557, .T. ) ;
#842 = DIRECTION ( 'NONE',  ( 0.000000000000000000, 1.000000000000000000, 0.000000000000000000 ) ) ;
#843 = PLANE ( 'NONE',  #558 ) ;
#844 = ORIENTED_EDGE ( 'NONE', *, *, #1492, .T. ) ;
#845 = VECTOR ( 'NONE', #2153, 1000.000000000000000 ) ;
#846 = CARTESIAN_POINT ( 'NONE',  ( 0.000000000000000000, 45.69292863671248739, 16.99999999999998579 ) ) ;
#847 = VECTOR ( 'NONE', #1311, 1000.000000000000000 ) ;
#848 = EDGE_LOOP ( 'NONE', ( #1680, #168, #1887, #1795 ) ) ;
#849 = PLANE ( 'NONE',  #1701 ) ;
#850 = VECTOR ( 'NONE', #2083, 1000.000000000000000 ) ;
#851 = AXIS2_PLACEMENT_3D ( 'NONE', #1922, #66, #759 ) ;
#852 = EDGE_CURVE ( 'NONE', #529, #323, #166, .T. ) ;
#853 = DIRECTION ( 'NONE',  ( -0.000000000000000000, 1.000000000000000000, 5.782411586589354681E-16 ) ) ;
#854 = ORIENTED_EDGE ( 'NONE', *, *, #487, .F. ) ;
#855 = CARTESIAN_POINT ( 'NONE',  ( 0.000000000000000000, 53.69292863671249449, 4.999999999999993783 ) ) ;
#856 = ORIENTED_EDGE ( 'NONE', *, *, #2209, .T. ) ;
#857 = PLANE ( 'NONE',  #445 ) ;
#858 = CARTESIAN_POINT ( 'NONE',  ( -65.00000000000000000, -8.307071363287491295, 4.999999999999975131 ) ) ;
#859 = CARTESIAN_POINT ( 'NONE',  ( -65.00000000000000000, -8.307071363287468202, 1.499999999999999778 ) ) ;
#860 = ORIENTED_EDGE ( 'NONE', *, *, #184, .F. ) ;
#861 = CARTESIAN_POINT ( 'NONE',  ( -65.00000000000000000, 52.01580429224477342, 1.499999999999998668 ) ) ;
#862 = EDGE_CURVE ( 'NONE', #235, #123, #1074, .T. ) ;
#863 = PLANE ( 'NONE',  #783 ) ;
#864 = ORIENTED_EDGE ( 'NONE', *, *, #1126, .T. ) ;
#865 = DIRECTION ( 'NONE',  ( 0.000000000000000000, 0.000000000000000000, 1.000000000000000000 ) ) ;
#866 = VERTEX_POINT ( 'NONE', #336 ) ;
#867 = EDGE_CURVE ( 'NONE', #467, #696, #2076, .T. ) ;
#868 = CARTESIAN_POINT ( 'NONE',  ( 0.000000000000000000, -8.307071363287491295, 4.999999999999975131 ) ) ;
#869 = CARTESIAN_POINT ( 'NONE',  ( 0.000000000000000000, 53.69292863671249449, -4.999999999999995559 ) ) ;
#870 = DIRECTION ( 'NONE',  ( 1.000000000000000000, 0.000000000000000000, 0.000000000000000000 ) ) ;
#871 = VECTOR ( 'NONE', #873, 1000.000000000000000 ) ;
#872 = ORIENTED_EDGE ( 'NONE', *, *, #942, .T. ) ;
#873 = DIRECTION ( 'NONE',  ( 0.000000000000000000, -2.040851148208008245E-16, 1.000000000000000000 ) ) ;
#874 = VECTOR ( 'NONE', #1282, 1000.000000000000000 ) ;
#875 = LINE ( 'NONE', #1211, #1032 ) ;
#876 = EDGE_LOOP ( 'NONE', ( #564, #160, #864, #1218 ) ) ;
#877 = CARTESIAN_POINT ( 'NONE',  ( 0.000000000000000000, 0.6929286367125392365, -1.084202172485503645E-15 ) ) ;
#878 = ORIENTED_EDGE ( 'NONE', *, *, #710, .T. ) ;
#879 = EDGE_CURVE ( 'NONE', #1534, #2224, #1208, .T. ) ;
#880 = CARTESIAN_POINT ( 'NONE',  ( -65.00000000000000000, 45.69292863671249449, -16.99999999999999289 ) ) ;
#881 = EDGE_CURVE ( 'NONE', #357, #135, #1390, .T. ) ;
#882 = LINE ( 'NONE', #858, #1733 ) ;
#883 = CARTESIAN_POINT ( 'NONE',  ( 0.000000000000000000, 45.69292863671249449, -4.999999999999995559 ) ) ;
#884 = ORIENTED_EDGE ( 'NONE', *, *, #1122, .F. ) ;
#885 = CARTESIAN_POINT ( 'NONE',  ( 0.000000000000000000, 21.69292863671250871, 4.999999999999984013 ) ) ;
#886 = DIRECTION ( 'NONE',  ( 0.000000000000000000, 0.000000000000000000, 1.000000000000000000 ) ) ;
#887 = EDGE_LOOP ( 'NONE', ( #1703, #1719, #1395, #2176 ) ) ;
#888 = VECTOR ( 'NONE', #1033, 1000.000000000000000 ) ;
#889 = DIRECTION ( 'NONE',  ( -0.000000000000000000, -1.000000000000000000, -0.000000000000000000 ) ) ;
#890 = VERTEX_POINT ( 'NONE', #1219 ) ;
#891 = VECTOR ( 'NONE', #1108, 1000.000000000000000 ) ;
#892 = DIRECTION ( 'NONE',  ( -0.000000000000000000, 1.000000000000000000, 2.040851148208007998E-16 ) ) ;
#893 = ADVANCED_FACE ( 'NONE', ( #200 ), #679, .T. ) ;
#894 = LINE ( 'NONE', #1574, #79 ) ;
#895 = EDGE_CURVE ( 'NONE', #1836, #323, #1042, .T. ) ;
#896 = VERTEX_POINT ( 'NONE', #1243 ) ;
#897 = CARTESIAN_POINT ( 'NONE',  ( -65.00000000000000000, 52.01580429224477342, -1.500000000000001110 ) ) ;
#898 = DIRECTION ( 'NONE',  ( 0.000000000000000000, 1.000000000000000000, 0.000000000000000000 ) ) ;
#899 = VERTEX_POINT ( 'NONE', #518 ) ;
#900 = DIRECTION ( 'NONE',  ( 1.000000000000000000, 0.000000000000000000, 0.000000000000000000 ) ) ;
#901 = ORIENTED_EDGE ( 'NONE', *, *, #1929, .F. ) ;
#902 = DIRECTION ( 'NONE',  ( 0.000000000000000000, -2.040851148208008245E-16, 1.000000000000000000 ) ) ;
#903 = PLANE ( 'NONE',  #1551 ) ;
#904 = DIRECTION ( 'NONE',  ( -0.000000000000000000, -0.6614378277661480121, 0.7499999999999997780 ) ) ;
#905 = EDGE_CURVE ( 'NONE', #2200, #130, #715, .T. ) ;
#906 = ORIENTED_EDGE ( 'NONE', *, *, #604, .T. ) ;
#907 = FACE_OUTER_BOUND ( 'NONE', #1803, .T. ) ;
#908 = CARTESIAN_POINT ( 'NONE',  ( -65.00000000000000000, 23.69292863671251226, -4.999999999999993783 ) ) ;
#909 = ORIENTED_EDGE ( 'NONE', *, *, #101, .F. ) ;
#910 = DIRECTION ( 'NONE',  ( -0.000000000000000000, -1.000000000000000000, -0.000000000000000000 ) ) ;
#911 = ORIENTED_EDGE ( 'NONE', *, *, #561, .T. ) ;
#912 = CARTESIAN_POINT ( 'NONE',  ( 0.000000000000000000, -0.6299470188197570097, 1.499999999999998668 ) ) ;
#913 = VECTOR ( 'NONE', #2067, 1000.000000000000000 ) ;
#914 = DIRECTION ( 'NONE',  ( 0.000000000000000000, 1.000000000000000000, 0.000000000000000000 ) ) ;
#915 = CARTESIAN_POINT ( 'NONE',  ( 0.000000000000000000, 52.01580429224477342, 1.499999999999998668 ) ) ;
#916 = EDGE_LOOP ( 'NONE', ( #542, #1229, #468, #534 ) ) ;
#917 = CARTESIAN_POINT ( 'NONE',  ( -65.00000000000000000, 33.69292863671249449, 16.99999999999998579 ) ) ;
#918 = LINE ( 'NONE', #2123, #1749 ) ;
#919 = ORIENTED_EDGE ( 'NONE', *, *, #1452, .F. ) ;
#920 = EDGE_CURVE ( 'NONE', #239, #793, #1554, .T. ) ;
#921 = DIRECTION ( 'NONE',  ( 0.000000000000000000, 0.000000000000000000, 1.000000000000000000 ) ) ;
#922 = VECTOR ( 'NONE', #1090, 1000.000000000000000 ) ;
#923 = DIRECTION ( 'NONE',  ( 0.000000000000000000, 0.000000000000000000, 1.000000000000000000 ) ) ;
#924 = EDGE_CURVE ( 'NONE', #3, #1364, #1541, .T. ) ;
#925 = VECTOR ( 'NONE', #1366, 1000.000000000000000 ) ;
#926 = LINE ( 'NONE', #1608, #874 ) ;
#927 = DIRECTION ( 'NONE',  ( -0.000000000000000000, -5.782411586589357639E-16, 1.000000000000000000 ) ) ;
#928 = VERTEX_POINT ( 'NONE', #1924 ) ;
#929 = CARTESIAN_POINT ( 'NONE',  ( -65.00000000000000000, 33.69292863671250160, 4.999999999999987566 ) ) ;
#930 = DIRECTION ( 'NONE',  ( 0.000000000000000000, 1.000000000000000000, 0.000000000000000000 ) ) ;
#931 = VERTEX_POINT ( 'NONE', #22 ) ;
#932 = LINE ( 'NONE', #767, #1338 ) ;
#933 = ORIENTED_EDGE ( 'NONE', *, *, #604, .F. ) ;
#934 = EDGE_CURVE ( 'NONE', #1327, #171, #1401, .T. ) ;
#935 = DIRECTION ( 'NONE',  ( 1.000000000000000000, 0.000000000000000000, 0.000000000000000000 ) ) ;
#936 = CARTESIAN_POINT ( 'NONE',  ( -65.00000000000000000, 45.69292863671248739, 16.99999999999998579 ) ) ;
#937 = ORIENTED_EDGE ( 'NONE', *, *, #352, .F. ) ;
#938 = LINE ( 'NONE', #427, #1823 ) ;
#939 = ORIENTED_EDGE ( 'NONE', *, *, #1695, .F. ) ;
#940 = CARTESIAN_POINT ( 'NONE',  ( -65.00000000000000000, 57.69292863671249449, 17.00000000000000000 ) ) ;
#941 = DIRECTION ( 'NONE',  ( 0.000000000000000000, -1.000000000000000000, 1.734723475976805517E-15 ) ) ;
#942 = EDGE_CURVE ( 'NONE', #1738, #1835, #176, .T. ) ;
#943 = VECTOR ( 'NONE', #298, 1000.000000000000000 ) ;
#944 = CARTESIAN_POINT ( 'NONE',  ( -65.00000000000000000, 51.69292863671249449, -16.99999999999999645 ) ) ;
#945 = EDGE_CURVE ( 'NONE', #1890, #1969, #10, .T. ) ;
#946 = ORIENTED_EDGE ( 'NONE', *, *, #1157, .T. ) ;
#947 = DIRECTION ( 'NONE',  ( -0.000000000000000000, -1.000000000000000000, -0.000000000000000000 ) ) ;
#948 = ORIENTED_EDGE ( 'NONE', *, *, #657, .T. ) ;
#949 = VECTOR ( 'NONE', #1621, 1000.000000000000000 ) ;
#950 = FACE_OUTER_BOUND ( 'NONE', #1207, .T. ) ;
#951 = ORIENTED_EDGE ( 'NONE', *, *, #895, .F. ) ;
#952 = DIRECTION ( 'NONE',  ( 0.000000000000000000, 2.168404344971012566E-16, -1.000000000000000000 ) ) ;
#953 = ORIENTED_EDGE ( 'NONE', *, *, #87, .T. ) ;
#954 = CARTESIAN_POINT ( 'NONE',  ( -65.00000000000000000, 27.69292863671251581, -4.999999999999993783 ) ) ;
#955 = VECTOR ( 'NONE', #677, 1000.000000000000000 ) ;
#956 = VECTOR ( 'NONE', #1615, 1000.000000000000000 ) ;
#957 = LINE ( 'NONE', #643, #41 ) ;
#958 = VECTOR ( 'NONE', #248, 1000.000000000000000 ) ;
#959 = EDGE_CURVE ( 'NONE', #2091, #239, #540, .T. ) ;
#960 = DIRECTION ( 'NONE',  ( 0.000000000000000000, 1.000000000000000000, 0.000000000000000000 ) ) ;
#961 = FACE_OUTER_BOUND ( 'NONE', #395, .T. ) ;
#962 = EDGE_LOOP ( 'NONE', ( #1848, #597, #992, #829 ) ) ;
#963 = EDGE_CURVE ( 'NONE', #414, #1945, #1888, .T. ) ;
#964 = FACE_OUTER_BOUND ( 'NONE', #1309, .T. ) ;
#965 = VERTEX_POINT ( 'NONE', #553 ) ;
#966 = LINE ( 'NONE', #1786, #731 ) ;
#967 = DIRECTION ( 'NONE',  ( -0.000000000000000000, -1.000000000000000000, 1.412250373757202748E-16 ) ) ;
#968 = CARTESIAN_POINT ( 'NONE',  ( -65.00000000000000000, -0.6299470188197570097, 1.499999999999998668 ) ) ;
#969 = ORIENTED_EDGE ( 'NONE', *, *, #628, .T. ) ;
#970 = DIRECTION ( 'NONE',  ( 0.000000000000000000, 5.782411586589353694E-16, -1.000000000000000000 ) ) ;
#971 = ADVANCED_FACE ( 'NONE', ( #1937 ), #849, .T. ) ;
#972 = VERTEX_POINT ( 'NONE', #1031 ) ;
#973 = CARTESIAN_POINT ( 'NONE',  ( -65.00000000000000000, 47.69292863671249449, -16.99999999999999645 ) ) ;
#974 = ORIENTED_EDGE ( 'NONE', *, *, #1481, .F. ) ;
#975 = LINE ( 'NONE', #281, #1228 ) ;
#976 = EDGE_CURVE ( 'NONE', #1022, #1171, #2221, .T. ) ;
#977 = ORIENTED_EDGE ( 'NONE', *, *, #364, .F. ) ;
#978 = ORIENTED_EDGE ( 'NONE', *, *, #2101, .T. ) ;
#979 = VECTOR ( 'NONE', #370, 1000.000000000000000 ) ;
#980 = PLANE ( 'NONE',  #1990 ) ;
#981 = ORIENTED_EDGE ( 'NONE', *, *, #422, .F. ) ;
#982 = FACE_OUTER_BOUND ( 'NONE', #1505, .T. ) ;
#983 = VERTEX_POINT ( 'NONE', #1377 ) ;
#984 = CARTESIAN_POINT ( 'NONE',  ( -65.00000000000000000, 23.69292863671250871, 9.999999999999984013 ) ) ;
#985 = VERTEX_POINT ( 'NONE', #764 ) ;
#986 = LINE ( 'NONE', #2002, #2093 ) ;
#987 = VECTOR ( 'NONE', #703, 1000.000000000000000 ) ;
#988 = EDGE_CURVE ( 'NONE', #2036, #414, #738, .T. ) ;
#989 = DIRECTION ( 'NONE',  ( -1.000000000000000000, 0.000000000000000000, -0.000000000000000000 ) ) ;
#990 = VERTEX_POINT ( 'NONE', #929 ) ;
#991 = ORIENTED_EDGE ( 'NONE', *, *, #1330, .F. ) ;
#992 = ORIENTED_EDGE ( 'NONE', *, *, #1685, .T. ) ;
#993 = EDGE_CURVE ( 'NONE', #567, #2055, #1422, .T. ) ;
#994 = PLANE ( 'NONE',  #1808 ) ;
#995 = VECTOR ( 'NONE', #1647, 1000.000000000000000 ) ;
#996 = ORIENTED_EDGE ( 'NONE', *, *, #1232, .T. ) ;
#997 = CARTESIAN_POINT ( 'NONE',  ( 0.000000000000000000, 33.69292863671250160, 4.999999999999987566 ) ) ;
#998 = ORIENTED_EDGE ( 'NONE', *, *, #881, .F. ) ;
#999 = DIRECTION ( 'NONE',  ( 1.000000000000000000, 0.000000000000000000, 0.000000000000000000 ) ) ;
#1000 = ORIENTED_EDGE ( 'NONE', *, *, #359, .F. ) ;
#1001 = LINE ( 'NONE', #1868, #1767 ) ;
#1002 = LINE ( 'NONE', #833, #816 ) ;
#1003 = ORIENTED_EDGE ( 'NONE', *, *, #993, .T. ) ;
#1004 = ORIENTED_EDGE ( 'NONE', *, *, #2120, .T. ) ;
#1005 = EDGE_CURVE ( 'NONE', #1945, #479, #2112, .T. ) ;
#1006 = EDGE_CURVE ( 'NONE', #246, #1297, #426, .T. ) ;
#1007 = LINE ( 'NONE', #88, #1268 ) ;
#1008 = DIRECTION ( 'NONE',  ( -0.000000000000000000, -1.000000000000000000, -0.000000000000000000 ) ) ;
#1009 = ORIENTED_EDGE ( 'NONE', *, *, #165, .F. ) ;
#1010 = DIRECTION ( 'NONE',  ( -0.000000000000000000, 5.782411586589354681E-16, -1.000000000000000000 ) ) ;
#1011 = PLANE ( 'NONE',  #411 ) ;
#1012 = ORIENTED_EDGE ( 'NONE', *, *, #462, .T. ) ;
#1013 = ADVANCED_FACE ( 'NONE', ( #907 ), #565, .T. ) ;
#1014 = AXIS2_PLACEMENT_3D ( 'NONE', #145, #1324, #2211 ) ;
#1015 = EDGE_CURVE ( 'NONE', #1653, #1740, #213, .T. ) ;
#1016 = CARTESIAN_POINT ( 'NONE',  ( 0.000000000000000000, 23.69292863671251226, -4.999999999999993783 ) ) ;
#1017 = DIRECTION ( 'NONE',  ( 0.000000000000000000, 0.000000000000000000, -1.000000000000000000 ) ) ;
#1018 = VECTOR ( 'NONE', #815, 1000.000000000000000 ) ;
#1019 = VERTEX_POINT ( 'NONE', #917 ) ;
#1020 = LINE ( 'NONE', #1700, #1084 ) ;
#1021 = CARTESIAN_POINT ( 'NONE',  ( -65.00000000000000000, -8.307071363287468202, 1.499999999999999778 ) ) ;
#1022 = VERTEX_POINT ( 'NONE', #1600 ) ;
#1023 = ORIENTED_EDGE ( 'NONE', *, *, #1015, .T. ) ;
#1024 = VERTEX_POINT ( 'NONE', #70 ) ;
#1025 = DIRECTION ( 'NONE',  ( 1.000000000000000000, 0.000000000000000000, -0.000000000000000000 ) ) ;
#1026 = CARTESIAN_POINT ( 'NONE',  ( -65.00000000000000000, 41.69292863671250160, -4.999999999999996447 ) ) ;
#1027 = DIRECTION ( 'NONE',  ( 1.000000000000000000, 0.000000000000000000, 0.000000000000000000 ) ) ;
#1028 = EDGE_CURVE ( 'NONE', #1692, #653, #81, .T. ) ;
#1029 = VECTOR ( 'NONE', #233, 1000.000000000000000 ) ;
#1030 = ORIENTED_EDGE ( 'NONE', *, *, #713, .F. ) ;
#1031 = CARTESIAN_POINT ( 'NONE',  ( -65.00000000000000000, 23.69292863671251226, -4.999999999999993783 ) ) ;
#1032 = VECTOR ( 'NONE', #326, 1000.000000000000000 ) ;
#1033 = DIRECTION ( 'NONE',  ( 0.000000000000000000, 1.000000000000000000, -5.782411586589357392E-17 ) ) ;
#1034 = ORIENTED_EDGE ( 'NONE', *, *, #391, .T. ) ;
#1035 = CARTESIAN_POINT ( 'NONE',  ( -65.00000000000000000, 35.69292863671250160, -4.999999999999995559 ) ) ;
#1036 = EDGE_LOOP ( 'NONE', ( #125, #1345, #1434, #1610 ) ) ;
#1037 = CARTESIAN_POINT ( 'NONE',  ( 0.000000000000000000, 53.69292863671249449, -4.999999999999995559 ) ) ;
#1038 = LINE ( 'NONE', #2218, #1089 ) ;
#1039 = DIRECTION ( 'NONE',  ( 0.000000000000000000, -2.891205793294678819E-16, 1.000000000000000000 ) ) ;
#1040 = ORIENTED_EDGE ( 'NONE', *, *, #745, .T. ) ;
#1041 = EDGE_CURVE ( 'NONE', #1367, #1445, #58, .T. ) ;
#1042 = LINE ( 'NONE', #1911, #871 ) ;
#1043 = CARTESIAN_POINT ( 'NONE',  ( 0.000000000000000000, 27.69292863671250871, -16.99999999999999645 ) ) ;
#1044 = ORIENTED_EDGE ( 'NONE', *, *, #2209, .F. ) ;
#1045 = FACE_OUTER_BOUND ( 'NONE', #1170, .T. ) ;
#1046 = ORIENTED_EDGE ( 'NONE', *, *, #1058, .T. ) ;
#1047 = DIRECTION ( 'NONE',  ( 1.000000000000000000, 0.000000000000000000, 0.000000000000000000 ) ) ;
#1048 = MANIFOLD_SOLID_BREP ( 'Corte-extrusão1', #658 ) ;
#1049 = DIRECTION ( 'NONE',  ( 1.000000000000000000, 0.000000000000000000, 0.000000000000000000 ) ) ;
#1050 = LINE ( 'NONE', #2062, #423 ) ;
#1051 = VERTEX_POINT ( 'NONE', #1793 ) ;
#1052 = DIRECTION ( 'NONE',  ( 0.000000000000000000, 0.000000000000000000, 1.000000000000000000 ) ) ;
#1053 = VECTOR ( 'NONE', #67, 1000.000000000000000 ) ;
#1054 = FACE_OUTER_BOUND ( 'NONE', #14, .T. ) ;
#1055 = ORIENTED_EDGE ( 'NONE', *, *, #252, .F. ) ;
#1056 = DIRECTION ( 'NONE',  ( 0.000000000000000000, 0.6614378277661479011, -0.7499999999999997780 ) ) ;
#1057 = ORIENTED_EDGE ( 'NONE', *, *, #628, .F. ) ;
#1058 = EDGE_CURVE ( 'NONE', #1513, #1266, #751, .T. ) ;
#1059 = LINE ( 'NONE', #354, #1101 ) ;
#1060 = DIRECTION ( 'NONE',  ( -0.000000000000000000, 1.000000000000000000, 5.782411586589357639E-16 ) ) ;
#1061 = CARTESIAN_POINT ( 'NONE',  ( 0.000000000000000000, 45.69292863671249449, -4.999999999999995559 ) ) ;
#1062 = ORIENTED_EDGE ( 'NONE', *, *, #1006, .F. ) ;
#1063 = DIRECTION ( 'NONE',  ( 0.000000000000000000, 1.000000000000000000, 0.000000000000000000 ) ) ;
#1064 = CARTESIAN_POINT ( 'NONE',  ( -65.00000000000000000, 29.69292863671250515, -4.999999999999995559 ) ) ;
#1065 = ORIENTED_EDGE ( 'NONE', *, *, #811, .F. ) ;
#1066 = VECTOR ( 'NONE', #207, 1000.000000000000000 ) ;
#1067 = CARTESIAN_POINT ( 'NONE',  ( -65.00000000000000000, 47.69292863671249449, -4.999999999999996447 ) ) ;
#1068 = ORIENTED_EDGE ( 'NONE', *, *, #1547, .T. ) ;
#1069 = CARTESIAN_POINT ( 'NONE',  ( -65.00000000000000000, 53.69292863671249449, -4.999999999999995559 ) ) ;
#1070 = CARTESIAN_POINT ( 'NONE',  ( -65.00000000000000000, 53.69292863671248739, 16.99999999999999645 ) ) ;
#1071 = EDGE_CURVE ( 'NONE', #1948, #690, #1094, .T. ) ;
#1072 = DIRECTION ( 'NONE',  ( 0.000000000000000000, -0.000000000000000000, -1.000000000000000000 ) ) ;
#1073 = VERTEX_POINT ( 'NONE', #598 ) ;
#1074 = LINE ( 'NONE', #1748, #1656 ) ;
#1075 = LINE ( 'NONE', #1285, #307 ) ;
#1076 = ORIENTED_EDGE ( 'NONE', *, *, #152, .F. ) ;
#1077 = CARTESIAN_POINT ( 'NONE',  ( 0.000000000000000000, 29.69292863671250515, 4.999999999999988454 ) ) ;
#1078 = CARTESIAN_POINT ( 'NONE',  ( -65.00000000000000000, 53.69292863671249449, -16.99999999999999645 ) ) ;
#1079 = DIRECTION ( 'NONE',  ( 1.000000000000000000, 0.000000000000000000, 0.000000000000000000 ) ) ;
#1080 = CARTESIAN_POINT ( 'NONE',  ( -65.00000000000000000, 23.69292863671250871, 9.999999999999984013 ) ) ;
#1081 = EDGE_CURVE ( 'NONE', #1916, #1645, #1802, .T. ) ;
#1082 = ORIENTED_EDGE ( 'NONE', *, *, #1858, .F. ) ;
#1083 = EDGE_CURVE ( 'NONE', #793, #363, #1461, .T. ) ;
#1084 = VECTOR ( 'NONE', #797, 1000.000000000000000 ) ;
#1085 = DIRECTION ( 'NONE',  ( 0.000000000000000000, 0.000000000000000000, -1.000000000000000000 ) ) ;
#1086 = VERTEX_POINT ( 'NONE', #785 ) ;
#1087 = APPLICATION_CONTEXT ( 'automotive_design' ) ;
#1088 = FACE_OUTER_BOUND ( 'NONE', #848, .T. ) ;
#1089 = VECTOR ( 'NONE', #173, 1000.000000000000000 ) ;
#1090 = DIRECTION ( 'NONE',  ( 0.000000000000000000, 0.000000000000000000, -1.000000000000000000 ) ) ;
#1091 = CARTESIAN_POINT ( 'NONE',  ( -65.00000000000000000, 39.69292863671249449, -16.99999999999999289 ) ) ;
#1092 = CARTESIAN_POINT ( 'NONE',  ( -65.00000000000000000, 47.69292863671248739, 16.99999999999999645 ) ) ;
#1093 = ORIENTED_EDGE ( 'NONE', *, *, #945, .T. ) ;
#1094 = LINE ( 'NONE', #1107, #1320 ) ;
#1095 = EDGE_CURVE ( 'NONE', #1779, #363, #447, .T. ) ;
#1096 = LINE ( 'NONE', #1782, #1391 ) ;
#1097 = ORIENTED_EDGE ( 'NONE', *, *, #1954, .T. ) ;
#1098 = CARTESIAN_POINT ( 'NONE',  ( -65.00000000000000000, 47.69292863671248739, 16.99999999999999645 ) ) ;
#1099 = ADVANCED_FACE ( 'NONE', ( #828 ), #143, .T. ) ;
#1100 = ORIENTED_EDGE ( 'NONE', *, *, #1726, .F. ) ;
#1101 = VECTOR ( 'NONE', #183, 1000.000000000000000 ) ;
#1102 = CARTESIAN_POINT ( 'NONE',  ( -65.00000000000000000, 41.69292863671250160, 4.999999999999991118 ) ) ;
#1103 = VECTOR ( 'NONE', #1124, 1000.000000000000000 ) ;
#1104 = CARTESIAN_POINT ( 'NONE',  ( -65.00000000000000000, 29.69292863671250515, 4.999999999999988454 ) ) ;
#1105 = DIRECTION ( 'NONE',  ( 0.000000000000000000, -0.6614378277661480121, -0.7499999999999997780 ) ) ;
#1106 = VERTEX_POINT ( 'NONE', #997 ) ;
#1107 = CARTESIAN_POINT ( 'NONE',  ( -65.00000000000000000, 39.69292863671249449, -16.99999999999999289 ) ) ;
#1108 = DIRECTION ( 'NONE',  ( 1.000000000000000000, 0.000000000000000000, 0.000000000000000000 ) ) ;
#1109 = ORIENTED_EDGE ( 'NONE', *, *, #1250, .T. ) ;
#1110 = FACE_OUTER_BOUND ( 'NONE', #1728, .T. ) ;
#1111 = VERTEX_POINT ( 'NONE', #2021 ) ;
#1112 = EDGE_CURVE ( 'NONE', #1073, #1500, #268, .T. ) ;
#1113 = DIRECTION ( 'NONE',  ( -1.000000000000000000, 0.000000000000000000, 0.000000000000000000 ) ) ;
#1114 = LINE ( 'NONE', #274, #255 ) ;
#1115 = VERTEX_POINT ( 'NONE', #1485 ) ;
#1116 = FILL_AREA_STYLE_COLOUR ( '', #736 ) ;
#1117 = CARTESIAN_POINT ( 'NONE',  ( -65.00000000000000000, -8.307071363287491295, 4.999999999999975131 ) ) ;
#1118 = EDGE_LOOP ( 'NONE', ( #1906, #314, #856, #1380 ) ) ;
#1119 = CARTESIAN_POINT ( 'NONE',  ( 0.000000000000000000, 57.69292863671250160, 4.999999999999995559 ) ) ;
#1120 = FACE_OUTER_BOUND ( 'NONE', #962, .T. ) ;
#1121 = VECTOR ( 'NONE', #810, 1000.000000000000000 ) ;
#1122 = EDGE_CURVE ( 'NONE', #1740, #1688, #111, .T. ) ;
#1123 = VECTOR ( 'NONE', #617, 1000.000000000000000 ) ;
#1124 = DIRECTION ( 'NONE',  ( 0.000000000000000000, 0.000000000000000000, -1.000000000000000000 ) ) ;
#1125 = DIRECTION ( 'NONE',  ( -1.000000000000000000, 0.000000000000000000, -0.000000000000000000 ) ) ;
#1126 = EDGE_CURVE ( 'NONE', #723, #2045, #300, .T. ) ;
#1127 = ORIENTED_EDGE ( 'NONE', *, *, #1259, .F. ) ;
#1128 = PLANE ( 'NONE',  #409 ) ;
#1129 = ORIENTED_EDGE ( 'NONE', *, *, #1954, .F. ) ;
#1130 = CARTESIAN_POINT ( 'NONE',  ( 0.000000000000000000, 35.69292863671250160, -16.99999999999999289 ) ) ;
#1131 = ORIENTED_EDGE ( 'NONE', *, *, #1862, .T. ) ;
#1132 = CARTESIAN_POINT ( 'NONE',  ( -65.00000000000000000, 57.69292863671250160, -4.999999999999995559 ) ) ;
#1133 = CARTESIAN_POINT ( 'NONE',  ( -65.00000000000000000, 45.69292863671249449, 4.999999999999992006 ) ) ;
#1134 = ORIENTED_EDGE ( 'NONE', *, *, #1291, .F. ) ;
#1135 = VECTOR ( 'NONE', #1017, 1000.000000000000000 ) ;
#1136 = AXIS2_PLACEMENT_3D ( 'NONE', #2035, #615, #989 ) ;
#1137 =( NAMED_UNIT ( * ) SI_UNIT ( $, .STERADIAN. ) SOLID_ANGLE_UNIT ( ) );
#1138 = EDGE_CURVE ( 'NONE', #2114, #1296, #1498, .T. ) ;
#1139 = DIRECTION ( 'NONE',  ( -0.000000000000000000, -5.782411586589358625E-16, 1.000000000000000000 ) ) ;
#1140 = ADVANCED_BREP_SHAPE_REPRESENTATION ( 'Discipador', ( #1048, #851 ), #413 ) ;
#1141 = ORIENTED_EDGE ( 'NONE', *, *, #2130, .F. ) ;
#1142 = DIRECTION ( 'NONE',  ( 0.000000000000000000, 1.000000000000000000, 0.000000000000000000 ) ) ;
#1143 = ORIENTED_EDGE ( 'NONE', *, *, #1814, .T. ) ;
#1144 = CARTESIAN_POINT ( 'NONE',  ( -65.00000000000000000, 51.69292863671250160, -4.999999999999995559 ) ) ;
#1145 = ORIENTED_EDGE ( 'NONE', *, *, #1318, .T. ) ;
#1146 = DIRECTION ( 'NONE',  ( -0.000000000000000000, 1.000000000000000000, 0.000000000000000000 ) ) ;
#1147 = LINE ( 'NONE', #478, #847 ) ;
#1148 = ORIENTED_EDGE ( 'NONE', *, *, #1966, .T. ) ;
#1149 = DIRECTION ( 'NONE',  ( 0.000000000000000000, 0.000000000000000000, -1.000000000000000000 ) ) ;
#1150 = EDGE_LOOP ( 'NONE', ( #878, #763, #532, #1998 ) ) ;
#1151 = PLANE ( 'NONE',  #60 ) ;
#1152 = VERTEX_POINT ( 'NONE', #1164 ) ;
#1153 = EDGE_CURVE ( 'NONE', #140, #1022, #1839, .T. ) ;
#1154 = DIRECTION ( 'NONE',  ( 0.000000000000000000, -1.734723475976805517E-15, -1.000000000000000000 ) ) ;
#1155 = ORIENTED_EDGE ( 'NONE', *, *, #1560, .T. ) ;
#1156 = CARTESIAN_POINT ( 'NONE',  ( -65.00000000000000000, 29.69292863671250515, 16.99999999999998579 ) ) ;
#1157 = EDGE_CURVE ( 'NONE', #1369, #1712, #1174, .T. ) ;
#1158 = CARTESIAN_POINT ( 'NONE',  ( 0.000000000000000000, 53.69292863671249449, -16.99999999999999645 ) ) ;
#1159 = ORIENTED_EDGE ( 'NONE', *, *, #539, .T. ) ;
#1160 = ORIENTED_EDGE ( 'NONE', *, *, #1095, .T. ) ;
#1161 = VECTOR ( 'NONE', #396, 1000.000000000000000 ) ;
#1162 = CARTESIAN_POINT ( 'NONE',  ( 0.000000000000000000, 35.69292863671250160, -4.999999999999995559 ) ) ;
#1163 = ORIENTED_EDGE ( 'NONE', *, *, #237, .T. ) ;
#1164 = CARTESIAN_POINT ( 'NONE',  ( 0.000000000000000000, 41.69292863671250160, -16.99999999999999289 ) ) ;
#1165 = DIRECTION ( 'NONE',  ( 0.000000000000000000, 0.000000000000000000, -1.000000000000000000 ) ) ;
#1166 = ORIENTED_EDGE ( 'NONE', *, *, #194, .T. ) ;
#1167 = ADVANCED_FACE ( 'NONE', ( #961 ), #2011, .F. ) ;
#1168 = DIRECTION ( 'NONE',  ( 0.000000000000000000, 0.000000000000000000, 1.000000000000000000 ) ) ;
#1169 = LINE ( 'NONE', #823, #54 ) ;
#1170 = EDGE_LOOP ( 'NONE', ( #1806, #1879, #121, #454 ) ) ;
#1171 = VERTEX_POINT ( 'NONE', #1677 ) ;
#1172 = VECTOR ( 'NONE', #97, 1000.000000000000000 ) ;
#1173 = CARTESIAN_POINT ( 'NONE',  ( -65.00000000000000000, 59.69292863671249449, 17.00000000000000000 ) ) ;
#1174 = LINE ( 'NONE', #1306, #2150 ) ;
#1175 = FACE_OUTER_BOUND ( 'NONE', #310, .T. ) ;
#1176 = ORIENTED_EDGE ( 'NONE', *, *, #1467, .T. ) ;
#1177 = DIRECTION ( 'NONE',  ( 0.000000000000000000, -1.000000000000000000, 5.782411586589354681E-16 ) ) ;
#1178 = EDGE_CURVE ( 'NONE', #1523, #1945, #2041, .T. ) ;
#1179 = AXIS2_PLACEMENT_3D ( 'NONE', #1865, #620, #2208 ) ;
#1180 = CARTESIAN_POINT ( 'NONE',  ( 0.000000000000000000, 35.69292863671250160, -16.99999999999999289 ) ) ;
#1181 = ORIENTED_EDGE ( 'NONE', *, *, #920, .F. ) ;
#1182 = ADVANCED_FACE ( 'NONE', ( #122 ), #1151, .T. ) ;
#1183 = DIRECTION ( 'NONE',  ( -0.000000000000000000, 1.156482317317871133E-15, -1.000000000000000000 ) ) ;
#1184 = LINE ( 'NONE', #345, #630 ) ;
#1185 = ORIENTED_EDGE ( 'NONE', *, *, #599, .T. ) ;
#1186 = LINE ( 'NONE', #661, #502 ) ;
#1187 = LINE ( 'NONE', #1064, #747 ) ;
#1188 = ORIENTED_EDGE ( 'NONE', *, *, #934, .F. ) ;
#1189 = ORIENTED_EDGE ( 'NONE', *, *, #182, .T. ) ;
#1190 = VERTEX_POINT ( 'NONE', #1997 ) ;
#1191 = ADVANCED_FACE ( 'NONE', ( #982 ), #1128, .T. ) ;
#1192 = CARTESIAN_POINT ( 'NONE',  ( -65.00000000000000000, 59.69292863671250160, -17.00000000000000000 ) ) ;
#1193 = ADVANCED_FACE ( 'NONE', ( #313 ), #2186, .T. ) ;
#1194 = VECTOR ( 'NONE', #2061, 1000.000000000000000 ) ;
#1195 = LINE ( 'NONE', #1529, #1135 ) ;
#1196 = ORIENTED_EDGE ( 'NONE', *, *, #2227, .T. ) ;
#1197 = CARTESIAN_POINT ( 'NONE',  ( 0.000000000000000000, 47.69292863671249449, -16.99999999999999645 ) ) ;
#1198 = LINE ( 'NONE', #167, #888 ) ;
#1199 = ORIENTED_EDGE ( 'NONE', *, *, #1357, .T. ) ;
#1200 = CARTESIAN_POINT ( 'NONE',  ( 0.000000000000000000, 41.69292863671249449, 16.99999999999998579 ) ) ;
#1201 = ORIENTED_EDGE ( 'NONE', *, *, #1467, .F. ) ;
#1202 = LINE ( 'NONE', #512, #670 ) ;
#1203 = EDGE_CURVE ( 'NONE', #1266, #133, #1687, .T. ) ;
#1204 = CARTESIAN_POINT ( 'NONE',  ( -65.00000000000000000, 27.69292863671251581, 4.999999999999985789 ) ) ;
#1205 = CARTESIAN_POINT ( 'NONE',  ( -65.00000000000000000, 57.69292863671249449, 17.00000000000000000 ) ) ;
#1206 = AXIS2_PLACEMENT_3D ( 'NONE', #106, #1690, #1845 ) ;
#1207 = EDGE_LOOP ( 'NONE', ( #1000, #1134, #1828, #1109 ) ) ;
#1208 = LINE ( 'NONE', #1736, #979 ) ;
#1209 = VECTOR ( 'NONE', #2175, 1000.000000000000000 ) ;
#1210 = VECTOR ( 'NONE', #2230, 1000.000000000000000 ) ;
#1211 = CARTESIAN_POINT ( 'NONE',  ( 0.000000000000000000, 45.69292863671249449, -16.99999999999999289 ) ) ;
#1212 = ORIENTED_EDGE ( 'NONE', *, *, #297, .T. ) ;
#1213 = CARTESIAN_POINT ( 'NONE',  ( -65.00000000000000000, 51.69292863671250160, 4.999999999999993783 ) ) ;
#1214 = EDGE_LOOP ( 'NONE', ( #1129, #2152, #809, #1046 ) ) ;
#1215 = PLANE ( 'NONE',  #521 ) ;
#1216 = LINE ( 'NONE', #355, #2058 ) ;
#1217 = DIRECTION ( 'NONE',  ( 0.000000000000000000, -0.6614378277661480121, -0.7499999999999997780 ) ) ;
#1218 = ORIENTED_EDGE ( 'NONE', *, *, #1342, .T. ) ;
#1219 = CARTESIAN_POINT ( 'NONE',  ( -65.00000000000000000, -8.307071363287489518, -4.999999999999992006 ) ) ;
#1220 = EDGE_CURVE ( 'NONE', #1500, #690, #1195, .T. ) ;
#1221 = DIRECTION ( 'NONE',  ( 0.000000000000000000, 1.000000000000000000, -1.734723475976805517E-15 ) ) ;
#1222 = ORIENTED_EDGE ( 'NONE', *, *, #63, .T. ) ;
#1223 = DIRECTION ( 'NONE',  ( 0.000000000000000000, -1.000000000000000000, 0.000000000000000000 ) ) ;
#1224 = ORIENTED_EDGE ( 'NONE', *, *, #1714, .T. ) ;
#1225 = LINE ( 'NONE', #1583, #1066 ) ;
#1226 = LINE ( 'NONE', #142, #1373 ) ;
#1227 = DIRECTION ( 'NONE',  ( 0.000000000000000000, 2.168404344971010594E-16, -1.000000000000000000 ) ) ;
#1228 = VECTOR ( 'NONE', #1489, 1000.000000000000000 ) ;
#1229 = ORIENTED_EDGE ( 'NONE', *, *, #2185, .F. ) ;
#1230 = CARTESIAN_POINT ( 'NONE',  ( -65.00000000000000000, 29.69292863671250515, 16.99999999999998579 ) ) ;
#1231 = VECTOR ( 'NONE', #1372, 1000.000000000000000 ) ;
#1232 = EDGE_CURVE ( 'NONE', #1518, #1115, #1398, .T. ) ;
#1233 = CARTESIAN_POINT ( 'NONE',  ( -65.00000000000000000, 50.69292863671248028, -1.084202172485503645E-15 ) ) ;
#1234 = ORIENTED_EDGE ( 'NONE', *, *, #1477, .T. ) ;
#1235 = FACE_OUTER_BOUND ( 'NONE', #1262, .T. ) ;
#1236 = ORIENTED_EDGE ( 'NONE', *, *, #352, .T. ) ;
#1237 = EDGE_CURVE ( 'NONE', #567, #212, #1539, .T. ) ;
#1238 = LINE ( 'NONE', #1069, #1526 ) ;
#1239 = VECTOR ( 'NONE', #1284, 1000.000000000000000 ) ;
#1240 = CARTESIAN_POINT ( 'NONE',  ( -65.00000000000000000, 23.69292863671251226, 4.999999999999985789 ) ) ;
#1241 = CARTESIAN_POINT ( 'NONE',  ( 0.000000000000000000, 29.69292863671250515, -4.999999999999995559 ) ) ;
#1242 = ORIENTED_EDGE ( 'NONE', *, *, #1178, .T. ) ;
#1243 = CARTESIAN_POINT ( 'NONE',  ( 0.000000000000000000, 21.69292863671250871, -9.999999999999994671 ) ) ;
#1244 = VECTOR ( 'NONE', #193, 1000.000000000000000 ) ;
#1245 = DIRECTION ( 'NONE',  ( 0.000000000000000000, 1.000000000000000000, 0.000000000000000000 ) ) ;
#1246 = ORIENTED_EDGE ( 'NONE', *, *, #278, .F. ) ;
#1247 = VECTOR ( 'NONE', #1679, 1000.000000000000000 ) ;
#1248 = FACE_OUTER_BOUND ( 'NONE', #821, .T. ) ;
#1249 = DIRECTION ( 'NONE',  ( 0.000000000000000000, -0.000000000000000000, 1.000000000000000000 ) ) ;
#1250 = EDGE_CURVE ( 'NONE', #1297, #1518, #1184, .T. ) ;
#1251 = DIRECTION ( 'NONE',  ( 0.000000000000000000, -1.000000000000000000, 0.000000000000000000 ) ) ;
#1252 = LINE ( 'NONE', #915, #1351 ) ;
#1253 = ORIENTED_EDGE ( 'NONE', *, *, #237, .F. ) ;
#1254 = CARTESIAN_POINT ( 'NONE',  ( -65.00000000000000000, 45.69292863671248739, 16.99999999999998579 ) ) ;
#1255 = CARTESIAN_POINT ( 'NONE',  ( 0.000000000000000000, 51.69292863671250160, 4.999999999999993783 ) ) ;
#1256 = ORIENTED_EDGE ( 'NONE', *, *, #1521, .T. ) ;
#1257 = DIRECTION ( 'NONE',  ( -0.000000000000000000, -0.6614378277661480121, 0.7499999999999997780 ) ) ;
#1258 = DIRECTION ( 'NONE',  ( 0.000000000000000000, -4.336808689942021187E-16, 1.000000000000000000 ) ) ;
#1259 = EDGE_CURVE ( 'NONE', #931, #1152, #2219, .T. ) ;
#1260 = CARTESIAN_POINT ( 'NONE',  ( -65.00000000000000000, 51.69292863671248739, 16.99999999999999645 ) ) ;
#1261 = LINE ( 'NONE', #1431, #1313 ) ;
#1262 = EDGE_LOOP ( 'NONE', ( #919, #939, #817, #2174 ) ) ;
#1263 = CARTESIAN_POINT ( 'NONE',  ( 0.000000000000000000, -8.307071363287468202, 1.499999999999999778 ) ) ;
#1264 = VECTOR ( 'NONE', #2064, 1000.000000000000000 ) ;
#1265 = CARTESIAN_POINT ( 'NONE',  ( 0.000000000000000000, 23.69292863671250871, 9.999999999999984013 ) ) ;
#1266 = VERTEX_POINT ( 'NONE', #1563 ) ;
#1267 = DIRECTION ( 'NONE',  ( 0.000000000000000000, 1.000000000000000000, 0.000000000000000000 ) ) ;
#1268 = VECTOR ( 'NONE', #960, 1000.000000000000000 ) ;
#1269 = PLANE ( 'NONE',  #2178 ) ;
#1270 = AXIS2_PLACEMENT_3D ( 'NONE', #1897, #1697, #1039 ) ;
#1271 = LINE ( 'NONE', #380, #1694 ) ;
#1272 = LINE ( 'NONE', #2119, #486 ) ;
#1273 = ADVANCED_FACE ( 'NONE', ( #688 ), #537, .T. ) ;
#1274 = ORIENTED_EDGE ( 'NONE', *, *, #1452, .T. ) ;
#1275 = SURFACE_STYLE_USAGE ( .BOTH. , #1443 ) ;
#1276 = EDGE_CURVE ( 'NONE', #1073, #1948, #501, .T. ) ;
#1277 = DIRECTION ( 'NONE',  ( 0.000000000000000000, 1.000000000000000000, 0.000000000000000000 ) ) ;
#1278 = VERTEX_POINT ( 'NONE', #1909 ) ;
#1279 = LINE ( 'NONE', #1971, #654 ) ;
#1280 = VECTOR ( 'NONE', #2169, 1000.000000000000000 ) ;
#1281 = VECTOR ( 'NONE', #930, 1000.000000000000000 ) ;
#1282 = DIRECTION ( 'NONE',  ( 1.000000000000000000, 0.000000000000000000, 0.000000000000000000 ) ) ;
#1283 = VERTEX_POINT ( 'NONE', #1061 ) ;
#1284 = DIRECTION ( 'NONE',  ( -0.000000000000000000, -1.000000000000000000, -5.204170427930416550E-15 ) ) ;
#1285 = CARTESIAN_POINT ( 'NONE',  ( 0.000000000000000000, 33.69292863671250160, -4.999999999999994671 ) ) ;
#1286 = ORIENTED_EDGE ( 'NONE', *, *, #1517, .F. ) ;
#1287 = EDGE_CURVE ( 'NONE', #1296, #1645, #1552, .T. ) ;
#1288 = CARTESIAN_POINT ( 'NONE',  ( -65.00000000000000000, 47.69292863671248739, 16.99999999999999645 ) ) ;
#1289 = ORIENTED_EDGE ( 'NONE', *, *, #197, .F. ) ;
#1290 = FACE_OUTER_BOUND ( 'NONE', #916, .T. ) ;
#1291 = EDGE_CURVE ( 'NONE', #246, #442, #1374, .T. ) ;
#1292 = CARTESIAN_POINT ( 'NONE',  ( -65.00000000000000000, 57.69292863671250160, -4.999999999999995559 ) ) ;
#1293 = CARTESIAN_POINT ( 'NONE',  ( -65.00000000000000000, 51.69292863671250160, 4.999999999999993783 ) ) ;
#1294 = ORIENTED_EDGE ( 'NONE', *, *, #1005, .F. ) ;
#1295 = CARTESIAN_POINT ( 'NONE',  ( -65.00000000000000000, -8.307071363287491295, 4.999999999999975131 ) ) ;
#1296 = VERTEX_POINT ( 'NONE', #1205 ) ;
#1297 = VERTEX_POINT ( 'NONE', #1886 ) ;
#1298 = DIRECTION ( 'NONE',  ( 1.000000000000000000, 0.000000000000000000, -0.000000000000000000 ) ) ;
#1299 = ADVANCED_FACE ( 'NONE', ( #701 ), #1575, .F. ) ;
#1300 = DIRECTION ( 'NONE',  ( -0.000000000000000000, 8.673617379884031528E-16, -1.000000000000000000 ) ) ;
#1301 = AXIS2_PLACEMENT_3D ( 'NONE', #734, #1251, #28 ) ;
#1302 = EDGE_CURVE ( 'NONE', #2036, #890, #1050, .T. ) ;
#1303 = AXIS2_PLACEMENT_3D ( 'NONE', #1353, #1651, #970 ) ;
#1304 = DIRECTION ( 'NONE',  ( 0.000000000000000000, 1.000000000000000000, 2.168404344971006896E-16 ) ) ;
#1305 = ORIENTED_EDGE ( 'NONE', *, *, #881, .T. ) ;
#1306 = CARTESIAN_POINT ( 'NONE',  ( -65.00000000000000000, 33.69292863671250160, -16.99999999999999289 ) ) ;
#1307 = ORIENTED_EDGE ( 'NONE', *, *, #101, .T. ) ;
#1308 = DIRECTION ( 'NONE',  ( 0.000000000000000000, -2.891205793294678819E-16, 1.000000000000000000 ) ) ;
#1309 = EDGE_LOOP ( 'NONE', ( #1624, #498, #946, #1747 ) ) ;
#1310 = DIRECTION ( 'NONE',  ( 0.000000000000000000, 0.000000000000000000, 1.000000000000000000 ) ) ;
#1311 = DIRECTION ( 'NONE',  ( 1.000000000000000000, -0.000000000000000000, -0.000000000000000000 ) ) ;
#1312 = ORIENTED_EDGE ( 'NONE', *, *, #1058, .F. ) ;
#1313 = VECTOR ( 'NONE', #245, 1000.000000000000000 ) ;
#1314 = CARTESIAN_POINT ( 'NONE',  ( -65.00000000000000000, 41.69292863671249449, 16.99999999999998579 ) ) ;
#1315 = VECTOR ( 'NONE', #2113, 1000.000000000000000 ) ;
#1316 = ADVANCED_FACE ( 'NONE', ( #722 ), #334, .T. ) ;
#1317 = VERTEX_POINT ( 'NONE', #29 ) ;
#1318 = EDGE_CURVE ( 'NONE', #37, #1415, #174, .T. ) ;
#1319 = ORIENTED_EDGE ( 'NONE', *, *, #924, .F. ) ;
#1320 = VECTOR ( 'NONE', #775, 1000.000000000000000 ) ;
#1321 = PRODUCT_DEFINITION_CONTEXT ( 'detailed design', #2013, 'design' ) ;
#1322 = DIRECTION ( 'NONE',  ( -0.000000000000000000, -1.000000000000000000, -2.168404344971010594E-16 ) ) ;
#1323 = ORIENTED_EDGE ( 'NONE', *, *, #1560, .F. ) ;
#1324 = DIRECTION ( 'NONE',  ( 0.000000000000000000, -1.000000000000000000, -6.938893903907226405E-16 ) ) ;
#1325 = DIRECTION ( 'NONE',  ( 0.000000000000000000, 5.782411586589358625E-16, -1.000000000000000000 ) ) ;
#1326 = ORIENTED_EDGE ( 'NONE', *, *, #1237, .T. ) ;
#1327 = VERTEX_POINT ( 'NONE', #493 ) ;
#1328 = ORIENTED_EDGE ( 'NONE', *, *, #1462, .F. ) ;
#1329 = LINE ( 'NONE', #1314, #148 ) ;
#1330 = EDGE_CURVE ( 'NONE', #1283, #743, #1875, .T. ) ;
#1331 = ORIENTED_EDGE ( 'NONE', *, *, #391, .F. ) ;
#1332 = DIRECTION ( 'NONE',  ( 0.000000000000000000, -2.168404344971010594E-16, 1.000000000000000000 ) ) ;
#1333 = FACE_OUTER_BOUND ( 'NONE', #451, .T. ) ;
#1334 = ORIENTED_EDGE ( 'NONE', *, *, #867, .F. ) ;
#1335 = DIRECTION ( 'NONE',  ( 0.000000000000000000, -5.782411586589354681E-16, -1.000000000000000000 ) ) ;
#1336 = DIRECTION ( 'NONE',  ( -0.000000000000000000, -1.000000000000000000, -0.000000000000000000 ) ) ;
#1337 = ORIENTED_EDGE ( 'NONE', *, *, #1685, .F. ) ;
#1338 = VECTOR ( 'NONE', #62, 1000.000000000000000 ) ;
#1339 = VECTOR ( 'NONE', #803, 1000.000000000000000 ) ;
#1340 = CARTESIAN_POINT ( 'NONE',  ( -65.00000000000000000, 35.69292863671250160, 4.999999999999988454 ) ) ;
#1341 = VECTOR ( 'NONE', #1507, 1000.000000000000000 ) ;
#1342 = EDGE_CURVE ( 'NONE', #2045, #1283, #321, .T. ) ;
#1343 = VERTEX_POINT ( 'NONE', #1710 ) ;
#1344 = DIRECTION ( 'NONE',  ( 0.000000000000000000, -2.040851148208007998E-16, 1.000000000000000000 ) ) ;
#1345 = ORIENTED_EDGE ( 'NONE', *, *, #539, .F. ) ;
#1346 = DIRECTION ( 'NONE',  ( 0.000000000000000000, -0.000000000000000000, 1.000000000000000000 ) ) ;
#1347 = VECTOR ( 'NONE', #1532, 1000.000000000000000 ) ;
#1348 = EDGE_CURVE ( 'NONE', #1926, #653, #163, .T. ) ;
#1349 = LINE ( 'NONE', #651, #2215 ) ;
#1350 = ORIENTED_EDGE ( 'NONE', *, *, #92, .F. ) ;
#1351 = VECTOR ( 'NONE', #1105, 1000.000000000000000 ) ;
#1352 = CARTESIAN_POINT ( 'NONE',  ( -65.00000000000000000, 23.69292863671250871, 9.999999999999984013 ) ) ;
#1353 = CARTESIAN_POINT ( 'NONE',  ( -65.00000000000000000, 57.69292863671250160, 4.999999999999995559 ) ) ;
#1354 = AXIS2_PLACEMENT_3D ( 'NONE', #2087, #898, #349 ) ;
#1355 = ORIENTED_EDGE ( 'NONE', *, *, #1654, .F. ) ;
#1356 = CARTESIAN_POINT ( 'NONE',  ( -65.00000000000000000, 41.69292863671250160, 4.999999999999991118 ) ) ;
#1357 = EDGE_CURVE ( 'NONE', #369, #2012, #1934, .T. ) ;
#1358 = DIRECTION ( 'NONE',  ( -1.000000000000000000, 0.000000000000000000, -0.000000000000000000 ) ) ;
#1359 = ORIENTED_EDGE ( 'NONE', *, *, #1743, .F. ) ;
#1360 = ORIENTED_EDGE ( 'NONE', *, *, #1768, .F. ) ;
#1361 = ADVANCED_FACE ( 'NONE', ( #390 ), #735, .T. ) ;
#1362 = DIRECTION ( 'NONE',  ( 1.000000000000000000, 0.000000000000000000, 0.000000000000000000 ) ) ;
#1363 = DIRECTION ( 'NONE',  ( 0.000000000000000000, 1.734723475976812764E-16, -1.000000000000000000 ) ) ;
#1364 = VERTEX_POINT ( 'NONE', #210 ) ;
#1365 = CARTESIAN_POINT ( 'NONE',  ( -65.00000000000000000, 27.69292863671251581, 4.999999999999985789 ) ) ;
#1366 = DIRECTION ( 'NONE',  ( 1.000000000000000000, 0.000000000000000000, 0.000000000000000000 ) ) ;
#1367 = VERTEX_POINT ( 'NONE', #1092 ) ;
#1368 = CARTESIAN_POINT ( 'NONE',  ( -65.00000000000000000, 57.69292863671250160, -17.00000000000000000 ) ) ;
#1369 = VERTEX_POINT ( 'NONE', #1441 ) ;
#1370 = ADVANCED_FACE ( 'NONE', ( #381 ), #2139, .T. ) ;
#1371 = LINE ( 'NONE', #547, #1894 ) ;
#1372 = DIRECTION ( 'NONE',  ( -0.000000000000000000, 5.782411586589359611E-16, -1.000000000000000000 ) ) ;
#1373 = VECTOR ( 'NONE', #1919, 1000.000000000000000 ) ;
#1374 = LINE ( 'NONE', #515, #1820 ) ;
#1375 = VECTOR ( 'NONE', #1008, 1000.000000000000000 ) ;
#1376 = ORIENTED_EDGE ( 'NONE', *, *, #1492, .F. ) ;
#1377 = CARTESIAN_POINT ( 'NONE',  ( 0.000000000000000000, 33.69292863671250160, -4.999999999999994671 ) ) ;
#1378 = DIRECTION ( 'NONE',  ( 0.000000000000000000, 1.000000000000000000, 1.734723475976805517E-15 ) ) ;
#1379 = VECTOR ( 'NONE', #1052, 1000.000000000000000 ) ;
#1380 = ORIENTED_EDGE ( 'NONE', *, *, #1718, .T. ) ;
#1381 = CARTESIAN_POINT ( 'NONE',  ( -65.00000000000000000, 21.69292863671250871, -4.999999999999993783 ) ) ;
#1382 = ORIENTED_EDGE ( 'NONE', *, *, #839, .T. ) ;
#1383 = DIRECTION ( 'NONE',  ( 1.000000000000000000, 0.000000000000000000, 0.000000000000000000 ) ) ;
#1384 = ADVANCED_FACE ( 'NONE', ( #401 ), #1778, .T. ) ;
#1385 = CARTESIAN_POINT ( 'NONE',  ( -65.00000000000000000, 21.69292863671250871, 4.999999999999984013 ) ) ;
#1386 = DIRECTION ( 'NONE',  ( 0.000000000000000000, -0.7499999999999997780, 0.6614378277661480121 ) ) ;
#1387 = AXIS2_PLACEMENT_3D ( 'NONE', #217, #408, #779 ) ;
#1388 = EDGE_CURVE ( 'NONE', #2045, #2135, #1261, .T. ) ;
#1389 = ORIENTED_EDGE ( 'NONE', *, *, #458, .T. ) ;
#1390 = LINE ( 'NONE', #32, #1264 ) ;
#1391 = VECTOR ( 'NONE', #1612, 1000.000000000000000 ) ;
#1392 = DIRECTION ( 'NONE',  ( 1.000000000000000000, 0.000000000000000000, 0.000000000000000000 ) ) ;
#1393 = ORIENTED_EDGE ( 'NONE', *, *, #713, .T. ) ;
#1394 = CARTESIAN_POINT ( 'NONE',  ( -65.00000000000000000, 47.69292863671249449, 4.999999999999992895 ) ) ;
#1395 = ORIENTED_EDGE ( 'NONE', *, *, #2033, .F. ) ;
#1396 = CARTESIAN_POINT ( 'NONE',  ( -65.00000000000000000, 21.69292863671250871, 4.999999999999984013 ) ) ;
#1397 = DIRECTION ( 'NONE',  ( 1.000000000000000000, 0.000000000000000000, 0.000000000000000000 ) ) ;
#1398 = LINE ( 'NONE', #712, #1707 ) ;
#1399 = EDGE_CURVE ( 'NONE', #235, #567, #220, .T. ) ;
#1400 = VERTEX_POINT ( 'NONE', #1757 ) ;
#1401 = LINE ( 'NONE', #1365, #1851 ) ;
#1402 = EDGE_CURVE ( 'NONE', #1504, #1278, #1272, .T. ) ;
#1403 = DIRECTION ( 'NONE',  ( -0.000000000000000000, -1.000000000000000000, 2.168404344971012566E-16 ) ) ;
#1404 = ORIENTED_EDGE ( 'NONE', *, *, #1799, .F. ) ;
#1405 = DIRECTION ( 'NONE',  ( 1.000000000000000000, 0.000000000000000000, 0.000000000000000000 ) ) ;
#1406 = ORIENTED_EDGE ( 'NONE', *, *, #1438, .F. ) ;
#1407 = DIRECTION ( 'NONE',  ( 1.000000000000000000, 0.000000000000000000, 0.000000000000000000 ) ) ;
#1408 = DIRECTION ( 'NONE',  ( 0.000000000000000000, 1.000000000000000000, 0.000000000000000000 ) ) ;
#1409 = CARTESIAN_POINT ( 'NONE',  ( -65.00000000000000000, 52.01580429224477342, 1.499999999999998668 ) ) ;
#1410 = EDGE_LOOP ( 'NONE', ( #933, #2132, #683, #1867 ) ) ;
#1411 = ADVANCED_FACE ( 'NONE', ( #2096 ), #563, .T. ) ;
#1412 = CARTESIAN_POINT ( 'NONE',  ( 0.000000000000000000, -0.6299470188197570097, -1.500000000000001110 ) ) ;
#1413 = AXIS2_PLACEMENT_3D ( 'NONE', #1368, #1149, #264 ) ;
#1414 = CARTESIAN_POINT ( 'NONE',  ( -65.00000000000000000, 23.69292863671251226, 4.999999999999985789 ) ) ;
#1415 = VERTEX_POINT ( 'NONE', #1241 ) ;
#1416 = EDGE_CURVE ( 'NONE', #985, #1111, #573, .T. ) ;
#1417 = DIRECTION ( 'NONE',  ( -0.000000000000000000, 2.168404344971012566E-16, 1.000000000000000000 ) ) ;
#1418 = LINE ( 'NONE', #1037, #1636 ) ;
#1419 = FACE_OUTER_BOUND ( 'NONE', #372, .T. ) ;
#1420 = CARTESIAN_POINT ( 'NONE',  ( -65.00000000000000000, 23.69292863671251226, -9.999999999999994671 ) ) ;
#1421 = ORIENTED_EDGE ( 'NONE', *, *, #197, .T. ) ;
#1422 = LINE ( 'NONE', #247, #845 ) ;
#1423 = VECTOR ( 'NONE', #2092, 1000.000000000000000 ) ;
#1424 = CARTESIAN_POINT ( 'NONE',  ( -65.00000000000000000, -8.307071363287468202, -1.500000000000001110 ) ) ;
#1425 = ORIENTED_EDGE ( 'NONE', *, *, #1348, .T. ) ;
#1426 = VECTOR ( 'NONE', #1773, 1000.000000000000000 ) ;
#1427 = LINE ( 'NONE', #2115, #1918 ) ;
#1428 = EDGE_CURVE ( 'NONE', #1171, #678, #1252, .T. ) ;
#1429 = CARTESIAN_POINT ( 'NONE',  ( -65.00000000000000000, 23.69292863671251226, 4.999999999999985789 ) ) ;
#1430 = CARTESIAN_POINT ( 'NONE',  ( -65.00000000000000000, 23.69292863671251226, -4.999999999999993783 ) ) ;
#1431 = CARTESIAN_POINT ( 'NONE',  ( -65.00000000000000000, 45.69292863671249449, -4.999999999999995559 ) ) ;
#1432 = ORIENTED_EDGE ( 'NONE', *, *, #2026, .F. ) ;
#1433 = CARTESIAN_POINT ( 'NONE',  ( -65.00000000000000000, 41.69292863671249449, 16.99999999999998579 ) ) ;
#1434 = ORIENTED_EDGE ( 'NONE', *, *, #348, .T. ) ;
#1435 = CARTESIAN_POINT ( 'NONE',  ( 0.000000000000000000, 50.69292863671248028, -1.084202172485503645E-15 ) ) ;
#1436 = ORIENTED_EDGE ( 'NONE', *, *, #725, .T. ) ;
#1437 = LINE ( 'NONE', #1787, #91 ) ;
#1438 = EDGE_CURVE ( 'NONE', #649, #2121, #1944, .T. ) ;
#1439 = FACE_OUTER_BOUND ( 'NONE', #446, .T. ) ;
#1440 = ADVANCED_FACE ( 'NONE', ( #761 ), #1598, .T. ) ;
#1441 = CARTESIAN_POINT ( 'NONE',  ( -65.00000000000000000, 33.69292863671250160, -16.99999999999999289 ) ) ;
#1442 = ORIENTED_EDGE ( 'NONE', *, *, #825, .F. ) ;
#1443 = SURFACE_SIDE_STYLE ('',( #1985 ) ) ;
#1444 = DIRECTION ( 'NONE',  ( 1.000000000000000000, 0.000000000000000000, 0.000000000000000000 ) ) ;
#1445 = VERTEX_POINT ( 'NONE', #936 ) ;
#1446 = CARTESIAN_POINT ( 'NONE',  ( -65.00000000000000000, -8.307071363287489518, -4.999999999999992006 ) ) ;
#1447 = VECTOR ( 'NONE', #748, 1000.000000000000000 ) ;
#1448 = CARTESIAN_POINT ( 'NONE',  ( -65.00000000000000000, 41.69292863671250160, 4.999999999999991118 ) ) ;
#1449 =( NAMED_UNIT ( * ) PLANE_ANGLE_UNIT ( ) SI_UNIT ( $, .RADIAN. ) );
#1450 = CARTESIAN_POINT ( 'NONE',  ( -65.00000000000000000, 53.69292863671248739, 16.99999999999999645 ) ) ;
#1451 = DIRECTION ( 'NONE',  ( 0.000000000000000000, -0.000000000000000000, 1.000000000000000000 ) ) ;
#1452 = EDGE_CURVE ( 'NONE', #928, #896, #1618, .T. ) ;
#1453 = ORIENTED_EDGE ( 'NONE', *, *, #418, .F. ) ;
#1454 = ADVANCED_FACE ( 'NONE', ( #365 ), #1215, .T. ) ;
#1455 = DIRECTION ( 'NONE',  ( -0.000000000000000000, 5.782411586589358625E-16, -1.000000000000000000 ) ) ;
#1456 = EDGE_LOOP ( 'NONE', ( #991, #1876, #436, #153 ) ) ;
#1457 = PLANE ( 'NONE',  #1880 ) ;
#1458 = VECTOR ( 'NONE', #1522, 1000.000000000000000 ) ;
#1459 = CARTESIAN_POINT ( 'NONE',  ( 0.000000000000000000, 59.69292863671248028, -1.500000000000001110 ) ) ;
#1460 = VERTEX_POINT ( 'NONE', #1537 ) ;
#1461 = LINE ( 'NONE', #1780, #132 ) ;
#1462 = EDGE_CURVE ( 'NONE', #990, #1106, #343, .T. ) ;
#1463 = ORIENTED_EDGE ( 'NONE', *, *, #1237, .F. ) ;
#1464 = LINE ( 'NONE', #973, #1209 ) ;
#1465 = ORIENTED_EDGE ( 'NONE', *, *, #1995, .F. ) ;
#1466 = DIRECTION ( 'NONE',  ( 0.000000000000000000, -0.000000000000000000, -1.000000000000000000 ) ) ;
#1467 = EDGE_CURVE ( 'NONE', #1019, #1667, #330, .T. ) ;
#1468 = CARTESIAN_POINT ( 'NONE',  ( 0.000000000000000000, 33.69292863671249449, 16.99999999999998579 ) ) ;
#1469 = LINE ( 'NONE', #1292, #1103 ) ;
#1470 = CARTESIAN_POINT ( 'NONE',  ( -65.00000000000000000, 52.01580429224477342, -1.500000000000001110 ) ) ;
#1471 = LINE ( 'NONE', #1173, #1587 ) ;
#1472 = CARTESIAN_POINT ( 'NONE',  ( -65.00000000000000000, 47.69292863671248739, 16.99999999999999645 ) ) ;
#1473 = FACE_OUTER_BOUND ( 'NONE', #652, .T. ) ;
#1474 = VERTEX_POINT ( 'NONE', #1396 ) ;
#1475 = LINE ( 'NONE', #650, #1984 ) ;
#1476 = VECTOR ( 'NONE', #2157, 1000.000000000000000 ) ;
#1477 = EDGE_CURVE ( 'NONE', #406, #1343, #1059, .T. ) ;
#1478 = LINE ( 'NONE', #812, #232 ) ;
#1479 = EDGE_LOOP ( 'NONE', ( #175, #1819, #94, #102 ) ) ;
#1480 = AXIS2_PLACEMENT_3D ( 'NONE', #1430, #1777, #1943 ) ;
#1481 = EDGE_CURVE ( 'NONE', #2135, #743, #697, .T. ) ;
#1482 = DIRECTION ( 'NONE',  ( -0.000000000000000000, -6.938893903907229364E-16, 1.000000000000000000 ) ) ;
#1483 = VECTOR ( 'NONE', #1752, 1000.000000000000000 ) ;
#1484 = DIRECTION ( 'NONE',  ( 1.000000000000000000, 0.000000000000000000, 0.000000000000000000 ) ) ;
#1485 = CARTESIAN_POINT ( 'NONE',  ( 0.000000000000000000, 53.69292863671248739, 16.99999999999999645 ) ) ;
#1486 = ORIENTED_EDGE ( 'NONE', *, *, #1276, .F. ) ;
#1487 = DIRECTION ( 'NONE',  ( 0.000000000000000000, -1.000000000000000000, 5.782411586589356653E-16 ) ) ;
#1488 = ORIENTED_EDGE ( 'NONE', *, *, #1399, .F. ) ;
#1489 = DIRECTION ( 'NONE',  ( 0.000000000000000000, 1.000000000000000000, 0.000000000000000000 ) ) ;
#1490 = PLANE ( 'NONE',  #1136 ) ;
#1491 = ORIENTED_EDGE ( 'NONE', *, *, #184, .T. ) ;
#1492 = EDGE_CURVE ( 'NONE', #2200, #1497, #1238, .T. ) ;
#1493 = VECTOR ( 'NONE', #412, 1000.000000000000000 ) ;
#1494 = CARTESIAN_POINT ( 'NONE',  ( 0.000000000000000000, 51.69292863671248739, 16.99999999999999645 ) ) ;
#1495 = VECTOR ( 'NONE', #1378, 1000.000000000000000 ) ;
#1496 = EDGE_CURVE ( 'NONE', #1836, #280, #1371, .T. ) ;
#1497 = VERTEX_POINT ( 'NONE', #559 ) ;
#1498 = LINE ( 'NONE', #288, #1375 ) ;
#1499 = LINE ( 'NONE', #2188, #1784 ) ;
#1500 = VERTEX_POINT ( 'NONE', #2057 ) ;
#1501 = CARTESIAN_POINT ( 'NONE',  ( 0.000000000000000000, 21.69292863671250871, 4.999999999999984013 ) ) ;
#1502 = CARTESIAN_POINT ( 'NONE',  ( -65.00000000000000000, -8.307071363287468202, 1.499999999999999778 ) ) ;
#1503 = ORIENTED_EDGE ( 'NONE', *, *, #1980, .T. ) ;
#1504 = VERTEX_POINT ( 'NONE', #1559 ) ;
#1505 = EDGE_LOOP ( 'NONE', ( #1613, #2184, #708, #948 ) ) ;
#1506 = LINE ( 'NONE', #1340, #399 ) ;
#1507 = DIRECTION ( 'NONE',  ( 0.000000000000000000, -1.000000000000000000, -1.412250373757203980E-16 ) ) ;
#1508 = ORIENTED_EDGE ( 'NONE', *, *, #1549, .F. ) ;
#1509 = LINE ( 'NONE', #984, #1247 ) ;
#1510 = ORIENTED_EDGE ( 'NONE', *, *, #2183, .T. ) ;
#1511 = PLANE ( 'NONE',  #1514 ) ;
#1512 = CARTESIAN_POINT ( 'NONE',  ( -65.00000000000000000, 35.69292863671250160, -16.99999999999999289 ) ) ;
#1513 = VERTEX_POINT ( 'NONE', #1930 ) ;
#1514 = AXIS2_PLACEMENT_3D ( 'NONE', #625, #1832, #1346 ) ;
#1515 = CARTESIAN_POINT ( 'NONE',  ( -65.00000000000000000, -8.307071363287489518, -4.999999999999992006 ) ) ;
#1516 = DIRECTION ( 'NONE',  ( 0.000000000000000000, -1.000000000000000000, -5.204170427930416550E-15 ) ) ;
#1517 = EDGE_CURVE ( 'NONE', #130, #1534, #1418, .T. ) ;
#1518 = VERTEX_POINT ( 'NONE', #1907 ) ;
#1519 = FACE_OUTER_BOUND ( 'NONE', #2063, .T. ) ;
#1520 = PRESENTATION_LAYER_ASSIGNMENT (  '', '', ( #2103 ) ) ;
#1521 = EDGE_CURVE ( 'NONE', #1111, #1692, #1202, .T. ) ;
#1522 = DIRECTION ( 'NONE',  ( 0.000000000000000000, 0.000000000000000000, 1.000000000000000000 ) ) ;
#1523 = VERTEX_POINT ( 'NONE', #172 ) ;
#1524 = EDGE_LOOP ( 'NONE', ( #750, #2189, #2088, #777 ) ) ;
#1525 = AXIS2_PLACEMENT_3D ( 'NONE', #646, #1332, #655 ) ;
#1526 = VECTOR ( 'NONE', #1893, 1000.000000000000000 ) ;
#1527 = VECTOR ( 'NONE', #2077, 1000.000000000000000 ) ;
#1528 = LINE ( 'NONE', #1385, #618 ) ;
#1529 = CARTESIAN_POINT ( 'NONE',  ( 0.000000000000000000, 39.69292863671249449, -4.999999999999995559 ) ) ;
#1530 = ORIENTED_EDGE ( 'NONE', *, *, #1858, .T. ) ;
#1531 = EDGE_CURVE ( 'NONE', #43, #702, #709, .T. ) ;
#1532 = DIRECTION ( 'NONE',  ( -0.000000000000000000, -1.000000000000000000, -0.000000000000000000 ) ) ;
#1533 = DIRECTION ( 'NONE',  ( 0.000000000000000000, 0.000000000000000000, -1.000000000000000000 ) ) ;
#1534 = VERTEX_POINT ( 'NONE', #1742 ) ;
#1535 = LINE ( 'NONE', #855, #1339 ) ;
#1536 = ORIENTED_EDGE ( 'NONE', *, *, #278, .T. ) ;
#1537 = CARTESIAN_POINT ( 'NONE',  ( 0.000000000000000000, 33.69292863671250160, -16.99999999999999289 ) ) ;
#1538 = DIRECTION ( 'NONE',  ( 0.000000000000000000, 1.734723475976812764E-16, -1.000000000000000000 ) ) ;
#1539 = LINE ( 'NONE', #2073, #850 ) ;
#1540 = ORIENTED_EDGE ( 'NONE', *, *, #988, .T. ) ;
#1541 = LINE ( 'NONE', #1230, #587 ) ;
#1542 = CARTESIAN_POINT ( 'NONE',  ( -65.00000000000000000, 51.69292863671249449, -16.99999999999999645 ) ) ;
#1543 = ORIENTED_EDGE ( 'NONE', *, *, #963, .F. ) ;
#1544 = DIRECTION ( 'NONE',  ( 1.000000000000000000, 0.000000000000000000, -0.000000000000000000 ) ) ;
#1545 = ORIENTED_EDGE ( 'NONE', *, *, #557, .F. ) ;
#1546 = ORIENTED_EDGE ( 'NONE', *, *, #745, .F. ) ;
#1547 = EDGE_CURVE ( 'NONE', #1835, #702, #535, .T. ) ;
#1548 = FACE_OUTER_BOUND ( 'NONE', #1599, .T. ) ;
#1549 = EDGE_CURVE ( 'NONE', #363, #653, #525, .T. ) ;
#1550 = CARTESIAN_POINT ( 'NONE',  ( -65.00000000000000000, 57.69292863671250160, -4.999999999999995559 ) ) ;
#1551 = AXIS2_PLACEMENT_3D ( 'NONE', #562, #400, #209 ) ;
#1552 = LINE ( 'NONE', #2049, #955 ) ;
#1553 = ORIENTED_EDGE ( 'NONE', *, *, #895, .T. ) ;
#1554 = LINE ( 'NONE', #885, #225 ) ;
#1555 = CARTESIAN_POINT ( 'NONE',  ( -65.00000000000000000, 39.69292863671248739, 16.99999999999998579 ) ) ;
#1556 = ORIENTED_EDGE ( 'NONE', *, *, #1402, .T. ) ;
#1557 = PLANE ( 'NONE',  #1622 ) ;
#1558 = ORIENTED_EDGE ( 'NONE', *, *, #782, .T. ) ;
#1559 = CARTESIAN_POINT ( 'NONE',  ( 0.000000000000000000, 35.69292863671250160, 4.999999999999988454 ) ) ;
#1560 = EDGE_CURVE ( 'NONE', #696, #1474, #1225, .T. ) ;
#1561 = CARTESIAN_POINT ( 'NONE',  ( 0.000000000000000000, 27.69292863671251581, 4.999999999999985789 ) ) ;
#1562 = EDGE_CURVE ( 'NONE', #1415, #983, #732, .T. ) ;
#1563 = CARTESIAN_POINT ( 'NONE',  ( 0.000000000000000000, 23.69292863671251226, -9.999999999999994671 ) ) ;
#1564 = VECTOR ( 'NONE', #1221, 1000.000000000000000 ) ;
#1565 = ORIENTED_EDGE ( 'NONE', *, *, #1992, .F. ) ;
#1566 = DIRECTION ( 'NONE',  ( 1.000000000000000000, 0.000000000000000000, 0.000000000000000000 ) ) ;
#1567 = VECTOR ( 'NONE', #1245, 1000.000000000000000 ) ;
#1568 = CARTESIAN_POINT ( 'NONE',  ( 0.000000000000000000, 51.69292863671250160, -4.999999999999995559 ) ) ;
#1569 = EDGE_LOOP ( 'NONE', ( #1286, #57, #844, #192 ) ) ;
#1570 = PLANE ( 'NONE',  #78 ) ;
#1571 = EDGE_LOOP ( 'NONE', ( #83, #204, #2050, #1491 ) ) ;
#1572 = DIRECTION ( 'NONE',  ( 0.000000000000000000, -2.040851148208007998E-16, 1.000000000000000000 ) ) ;
#1573 = ADVANCED_FACE ( 'NONE', ( #1548 ), #857, .T. ) ;
#1574 = CARTESIAN_POINT ( 'NONE',  ( -65.00000000000000000, 47.69292863671249449, -4.999999999999996447 ) ) ;
#1575 = PLANE ( 'NONE',  #569 ) ;
#1576 = EDGE_CURVE ( 'NONE', #280, #420, #720, .T. ) ;
#1577 = EDGE_LOOP ( 'NONE', ( #601, #258, #277, #1735 ) ) ;
#1578 = CARTESIAN_POINT ( 'NONE',  ( 0.000000000000000000, 21.69292863671250515, 9.999999999999984013 ) ) ;
#1579 = DIRECTION ( 'NONE',  ( -0.000000000000000000, 5.782411586589356653E-16, -1.000000000000000000 ) ) ;
#1580 = ORIENTED_EDGE ( 'NONE', *, *, #1549, .T. ) ;
#1581 = PLANE ( 'NONE',  #807 ) ;
#1582 = ORIENTED_EDGE ( 'NONE', *, *, #462, .F. ) ;
#1583 = CARTESIAN_POINT ( 'NONE',  ( -65.00000000000000000, 21.69292863671250871, 4.999999999999984013 ) ) ;
#1584 = CARTESIAN_POINT ( 'NONE',  ( -65.00000000000000000, 47.69292863671249449, 4.999999999999992895 ) ) ;
#1585 = CARTESIAN_POINT ( 'NONE',  ( -65.00000000000000000, 35.69292863671250160, -16.99999999999999289 ) ) ;
#1586 = AXIS2_PLACEMENT_3D ( 'NONE', #250, #2148, #73 ) ;
#1587 = VECTOR ( 'NONE', #1484, 1000.000000000000000 ) ;
#1588 = ORIENTED_EDGE ( 'NONE', *, *, #1428, .F. ) ;
#1589 = EDGE_CURVE ( 'NONE', #1626, #1190, #1881, .T. ) ;
#1590 = VECTOR ( 'NONE', #1829, 1000.000000000000000 ) ;
#1591 = DIRECTION ( 'NONE',  ( 1.000000000000000000, 0.000000000000000000, 0.000000000000000000 ) ) ;
#1592 = EDGE_LOOP ( 'NONE', ( #621, #1658, #2075, #1160 ) ) ;
#1593 = CARTESIAN_POINT ( 'NONE',  ( 0.000000000000000000, 50.69292863671248028, -1.084202172485503645E-15 ) ) ;
#1594 = ADVANCED_FACE ( 'NONE', ( #243 ), #64, .F. ) ;
#1595 = LINE ( 'NONE', #746, #265 ) ;
#1596 = VECTOR ( 'NONE', #1946, 1000.000000000000000 ) ;
#1597 = LINE ( 'NONE', #1070, #1447 ) ;
#1598 = PLANE ( 'NONE',  #1861 ) ;
#1599 = EDGE_LOOP ( 'NONE', ( #2187, #2029, #289, #737 ) ) ;
#1600 = CARTESIAN_POINT ( 'NONE',  ( -65.00000000000000000, 52.01580429224477342, 1.499999999999998668 ) ) ;
#1601 = VECTOR ( 'NONE', #2081, 1000.000000000000000 ) ;
#1602 = EDGE_CURVE ( 'NONE', #2010, #1969, #74, .T. ) ;
#1603 = DIRECTION ( 'NONE',  ( 0.000000000000000000, -5.782411586589358625E-16, 1.000000000000000000 ) ) ;
#1604 = EDGE_LOOP ( 'NONE', ( #2205, #2170, #249, #1253 ) ) ;
#1605 = VECTOR ( 'NONE', #1805, 1000.000000000000000 ) ;
#1606 = FACE_OUTER_BOUND ( 'NONE', #1524, .T. ) ;
#1607 = CARTESIAN_POINT ( 'NONE',  ( 0.000000000000000000, 57.69292863671249449, 17.00000000000000000 ) ) ;
#1608 = CARTESIAN_POINT ( 'NONE',  ( -65.00000000000000000, 53.69292863671249449, -16.99999999999999645 ) ) ;
#1609 = CARTESIAN_POINT ( 'NONE',  ( -65.00000000000000000, 39.69292863671248739, 16.99999999999998579 ) ) ;
#1610 = ORIENTED_EDGE ( 'NONE', *, *, #1531, .T. ) ;
#1611 = CARTESIAN_POINT ( 'NONE',  ( -65.00000000000000000, 27.69292863671251581, -4.999999999999993783 ) ) ;
#1612 = DIRECTION ( 'NONE',  ( 1.000000000000000000, 0.000000000000000000, 0.000000000000000000 ) ) ;
#1613 = ORIENTED_EDGE ( 'NONE', *, *, #194, .F. ) ;
#1614 = CARTESIAN_POINT ( 'NONE',  ( -65.00000000000000000, 35.69292863671250160, 4.999999999999988454 ) ) ;
#1615 = DIRECTION ( 'NONE',  ( 1.000000000000000000, 0.000000000000000000, 0.000000000000000000 ) ) ;
#1616 = EDGE_CURVE ( 'NONE', #1523, #985, #1437, .T. ) ;
#1617 = FACE_OUTER_BOUND ( 'NONE', #545, .T. ) ;
#1618 = LINE ( 'NONE', #38, #1423 ) ;
#1619 = ADVANCED_FACE ( 'NONE', ( #1290 ), #1776, .T. ) ;
#1620 = ORIENTED_EDGE ( 'NONE', *, *, #252, .T. ) ;
#1621 = DIRECTION ( 'NONE',  ( -0.000000000000000000, 0.6614378277661479011, 0.7499999999999997780 ) ) ;
#1622 = AXIS2_PLACEMENT_3D ( 'NONE', #2079, #13, #1940 ) ;
#1623 = LINE ( 'NONE', #908, #1281 ) ;
#1624 = ORIENTED_EDGE ( 'NONE', *, *, #725, .F. ) ;
#1625 = DIRECTION ( 'NONE',  ( -0.000000000000000000, 5.782411586589356653E-16, -1.000000000000000000 ) ) ;
#1626 = VERTEX_POINT ( 'NONE', #1448 ) ;
#1627 = DIRECTION ( 'NONE',  ( 1.000000000000000000, 0.000000000000000000, 0.000000000000000000 ) ) ;
#1628 = ADVANCED_FACE ( 'NONE', ( #1981 ), #593, .T. ) ;
#1629 = DIRECTION ( 'NONE',  ( -0.000000000000000000, -1.000000000000000000, -2.168404344971006896E-16 ) ) ;
#1630 = EDGE_CURVE ( 'NONE', #663, #461, #50, .T. ) ;
#1631 = ORIENTED_EDGE ( 'NONE', *, *, #862, .T. ) ;
#1632 = UNCERTAINTY_MEASURE_WITH_UNIT (LENGTH_MEASURE( 1.000000000000000082E-05 ), #1811, 'distance_accuracy_value', 'NONE');
#1633 = CARTESIAN_POINT ( 'NONE',  ( -65.00000000000000000, 33.69292863671250160, -16.99999999999999289 ) ) ;
#1634 = ORIENTED_EDGE ( 'NONE', *, *, #782, .F. ) ;
#1635 = PLANE ( 'NONE',  #837 ) ;
#1636 = VECTOR ( 'NONE', #1705, 1000.000000000000000 ) ;
#1637 = DIRECTION ( 'NONE',  ( 0.000000000000000000, -1.000000000000000000, -4.336808689942021187E-16 ) ) ;
#1638 = VECTOR ( 'NONE', #1579, 1000.000000000000000 ) ;
#1639 = DIRECTION ( 'NONE',  ( 0.000000000000000000, -5.782411586589355667E-16, -1.000000000000000000 ) ) ;
#1640 = CARTESIAN_POINT ( 'NONE',  ( 0.000000000000000000, 41.69292863671250160, -16.99999999999999289 ) ) ;
#1641 = DIRECTION ( 'NONE',  ( 0.000000000000000000, -5.204170427930416550E-15, 1.000000000000000000 ) ) ;
#1642 = ORIENTED_EDGE ( 'NONE', *, *, #1138, .F. ) ;
#1643 = ADVANCED_FACE ( 'NONE', ( #421 ), #387, .T. ) ;
#1644 = PLANE ( 'NONE',  #1863 ) ;
#1645 = VERTEX_POINT ( 'NONE', #1607 ) ;
#1646 = CARTESIAN_POINT ( 'NONE',  ( -65.00000000000000000, 21.69292863671250515, 9.999999999999984013 ) ) ;
#1647 = DIRECTION ( 'NONE',  ( 0.000000000000000000, -1.000000000000000000, -1.412250373757203980E-16 ) ) ;
#1648 = ORIENTED_EDGE ( 'NONE', *, *, #1220, .T. ) ;
#1649 = CARTESIAN_POINT ( 'NONE',  ( -65.00000000000000000, 21.69292863671250871, -9.999999999999994671 ) ) ;
#1650 = DIRECTION ( 'NONE',  ( -0.000000000000000000, -1.000000000000000000, -4.336808689942021187E-16 ) ) ;
#1651 = DIRECTION ( 'NONE',  ( 0.000000000000000000, -1.000000000000000000, -5.782411586589353694E-16 ) ) ;
#1652 = DIRECTION ( 'NONE',  ( 1.000000000000000000, 0.000000000000000000, -0.000000000000000000 ) ) ;
#1653 = VERTEX_POINT ( 'NONE', #954 ) ;
#1654 = EDGE_CURVE ( 'NONE', #43, #361, #2126, .T. ) ;
#1655 = LINE ( 'NONE', #495, #546 ) ;
#1656 = VECTOR ( 'NONE', #188, 1000.000000000000000 ) ;
#1657 = CARTESIAN_POINT ( 'NONE',  ( -65.00000000000000000, 45.69292863671249449, -4.999999999999995559 ) ) ;
#1658 = ORIENTED_EDGE ( 'NONE', *, *, #131, .F. ) ;
#1659 = EDGE_CURVE ( 'NONE', #1870, #164, #251, .T. ) ;
#1660 = VECTOR ( 'NONE', #1408, 1000.000000000000000 ) ;
#1661 = ORIENTED_EDGE ( 'NONE', *, *, #1616, .F. ) ;
#1662 = DIRECTION ( 'NONE',  ( 0.000000000000000000, -1.000000000000000000, -1.156482317317870936E-15 ) ) ;
#1663 = ORIENTED_EDGE ( 'NONE', *, *, #611, .F. ) ;
#1664 = DIRECTION ( 'NONE',  ( 1.000000000000000000, 0.000000000000000000, 0.000000000000000000 ) ) ;
#1665 = ORIENTED_EDGE ( 'NONE', *, *, #1071, .T. ) ;
#1666 = LINE ( 'NONE', #438, #2216 ) ;
#1667 = VERTEX_POINT ( 'NONE', #1468 ) ;
#1668 = DIRECTION ( 'NONE',  ( 0.000000000000000000, -0.000000000000000000, 1.000000000000000000 ) ) ;
#1669 = ADVANCED_FACE ( 'NONE', ( #85 ), #578, .T. ) ;
#1670 = CARTESIAN_POINT ( 'NONE',  ( -65.00000000000000000, 27.69292863671250871, -16.99999999999999645 ) ) ;
#1671 = ORIENTED_EDGE ( 'NONE', *, *, #1589, .F. ) ;
#1672 = VECTOR ( 'NONE', #904, 1000.000000000000000 ) ;
#1673 = ADVANCED_FACE ( 'NONE', ( #1120 ), #1269, .T. ) ;
#1674 = CARTESIAN_POINT ( 'NONE',  ( -65.00000000000000000, 47.69292863671249449, -16.99999999999999645 ) ) ;
#1675 = PRODUCT_DEFINITION_FORMATION_WITH_SPECIFIED_SOURCE ( 'ANY', '', #309, .NOT_KNOWN. ) ;
#1676 = ORIENTED_EDGE ( 'NONE', *, *, #1276, .T. ) ;
#1677 = CARTESIAN_POINT ( 'NONE',  ( 0.000000000000000000, 52.01580429224477342, 1.499999999999998668 ) ) ;
#1678 = VECTOR ( 'NONE', #368, 1000.000000000000000 ) ;
#1679 = DIRECTION ( 'NONE',  ( -0.000000000000000000, -6.938893903907229364E-16, 1.000000000000000000 ) ) ;
#1680 = ORIENTED_EDGE ( 'NONE', *, *, #1081, .F. ) ;
#1681 = LINE ( 'NONE', #315, #434 ) ;
#1682 = DIRECTION ( 'NONE',  ( 0.000000000000000000, -1.000000000000000000, 0.000000000000000000 ) ) ;
#1683 = ORIENTED_EDGE ( 'NONE', *, *, #1399, .T. ) ;
#1684 = ORIENTED_EDGE ( 'NONE', *, *, #348, .F. ) ;
#1685 = EDGE_CURVE ( 'NONE', #1978, #2200, #1941, .T. ) ;
#1686 = CARTESIAN_POINT ( 'NONE',  ( -65.00000000000000000, 35.69292863671249449, 16.99999999999998579 ) ) ;
#1687 = LINE ( 'NONE', #838, #52 ) ;
#1688 = VERTEX_POINT ( 'NONE', #1764 ) ;
#1689 = FACE_OUTER_BOUND ( 'NONE', #741, .T. ) ;
#1690 = DIRECTION ( 'NONE',  ( 0.000000000000000000, 0.7499999999999997780, -0.6614378277661479011 ) ) ;
#1691 = ORIENTED_EDGE ( 'NONE', *, *, #51, .F. ) ;
#1692 = VERTEX_POINT ( 'NONE', #912 ) ;
#1693 = VECTOR ( 'NONE', #577, 1000.000000000000000 ) ;
#1694 = VECTOR ( 'NONE', #2118, 1000.000000000000000 ) ;
#1695 = EDGE_CURVE ( 'NONE', #663, #928, #1595, .T. ) ;
#1696 = LINE ( 'NONE', #1192, #692 ) ;
#1697 = DIRECTION ( 'NONE',  ( -0.000000000000000000, 1.000000000000000000, 2.891205793294678819E-16 ) ) ;
#1698 = VECTOR ( 'NONE', #1566, 1000.000000000000000 ) ;
#1699 = VERTEX_POINT ( 'NONE', #488 ) ;
#1700 = CARTESIAN_POINT ( 'NONE',  ( -65.00000000000000000, 41.69292863671250160, -16.99999999999999289 ) ) ;
#1701 = AXIS2_PLACEMENT_3D ( 'NONE', #1713, #383, #154 ) ;
#1702 = CARTESIAN_POINT ( 'NONE',  ( -65.00000000000000000, 45.69292863671248739, 16.99999999999998579 ) ) ;
#1703 = ORIENTED_EDGE ( 'NONE', *, *, #1428, .T. ) ;
#1704 = ORIENTED_EDGE ( 'NONE', *, *, #1873, .F. ) ;
#1705 = DIRECTION ( 'NONE',  ( 0.000000000000000000, 1.000000000000000000, 0.000000000000000000 ) ) ;
#1706 = VECTOR ( 'NONE', #902, 1000.000000000000000 ) ;
#1707 = VECTOR ( 'NONE', #8, 1000.000000000000000 ) ;
#1708 = VECTOR ( 'NONE', #1392, 1000.000000000000000 ) ;
#1709 = DIRECTION ( 'NONE',  ( 1.000000000000000000, 0.000000000000000000, 0.000000000000000000 ) ) ;
#1710 = CARTESIAN_POINT ( 'NONE',  ( 0.000000000000000000, 39.69292863671248739, 16.99999999999998579 ) ) ;
#1711 = DIRECTION ( 'NONE',  ( 0.000000000000000000, -4.336808689942013792E-16, 1.000000000000000000 ) ) ;
#1712 = VERTEX_POINT ( 'NONE', #1512 ) ;
#1713 = CARTESIAN_POINT ( 'NONE',  ( -65.00000000000000000, 27.69292863671251581, 4.999999999999985789 ) ) ;
#1714 = EDGE_CURVE ( 'NONE', #2181, #437, #283, .T. ) ;
#1715 = LINE ( 'NONE', #371, #342 ) ;
#1716 = ORIENTED_EDGE ( 'NONE', *, *, #2194, .T. ) ;
#1717 = DIRECTION ( 'NONE',  ( 0.000000000000000000, -1.000000000000000000, -2.168404344971006896E-16 ) ) ;
#1718 = EDGE_CURVE ( 'NONE', #608, #1415, #1169, .T. ) ;
#1719 = ORIENTED_EDGE ( 'NONE', *, *, #1972, .F. ) ;
#1720 = CARTESIAN_POINT ( 'NONE',  ( 0.000000000000000000, 47.69292863671249449, -4.999999999999996447 ) ) ;
#1721 = DIRECTION ( 'NONE',  ( 0.000000000000000000, 1.000000000000000000, -5.782411586589357392E-17 ) ) ;
#1722 = DIRECTION ( 'NONE',  ( 0.000000000000000000, 1.000000000000000000, 2.168404344971010594E-16 ) ) ;
#1723 = CARTESIAN_POINT ( 'NONE',  ( 0.000000000000000000, 57.69292863671250160, -17.00000000000000000 ) ) ;
#1724 = EDGE_LOOP ( 'NONE', ( #1404, #292, #1964, #1815 ) ) ;
#1725 = DIRECTION ( 'NONE',  ( 0.000000000000000000, 0.000000000000000000, -1.000000000000000000 ) ) ;
#1726 = EDGE_CURVE ( 'NONE', #1051, #1171, #798, .T. ) ;
#1727 = CARTESIAN_POINT ( 'NONE',  ( -65.00000000000000000, 21.69292863671250515, 9.999999999999984013 ) ) ;
#1728 = EDGE_LOOP ( 'NONE', ( #1, #2220, #1196, #1307 ) ) ;
#1729 = CARTESIAN_POINT ( 'NONE',  ( -65.00000000000000000, 52.01580429224477342, -1.500000000000001110 ) ) ;
#1730 = ORIENTED_EDGE ( 'NONE', *, *, #472, .T. ) ;
#1731 = CARTESIAN_POINT ( 'NONE',  ( -65.00000000000000000, 33.69292863671249449, 16.99999999999998579 ) ) ;
#1732 = CARTESIAN_POINT ( 'NONE',  ( 0.000000000000000000, 23.69292863671251226, 4.999999999999985789 ) ) ;
#1733 = VECTOR ( 'NONE', #1538, 1000.000000000000000 ) ;
#1734 = CARTESIAN_POINT ( 'NONE',  ( 0.000000000000000000, 29.69292863671250871, -16.99999999999999289 ) ) ;
#1735 = ORIENTED_EDGE ( 'NONE', *, *, #1589, .T. ) ;
#1736 = CARTESIAN_POINT ( 'NONE',  ( 0.000000000000000000, 57.69292863671250160, -4.999999999999995559 ) ) ;
#1737 = CARTESIAN_POINT ( 'NONE',  ( 0.000000000000000000, 59.69292863671249449, 17.00000000000000000 ) ) ;
#1738 = VERTEX_POINT ( 'NONE', #2191 ) ;
#1739 = LINE ( 'NONE', #1593, #769 ) ;
#1740 = VERTEX_POINT ( 'NONE', #1670 ) ;
#1741 = EDGE_CURVE ( 'NONE', #1024, #2121, #1859, .T. ) ;
#1742 = CARTESIAN_POINT ( 'NONE',  ( 0.000000000000000000, 57.69292863671250160, -4.999999999999995559 ) ) ;
#1743 = EDGE_CURVE ( 'NONE', #1111, #1926, #1349, .T. ) ;
#1744 = DIRECTION ( 'NONE',  ( 1.000000000000000000, 0.000000000000000000, 0.000000000000000000 ) ) ;
#1745 = DIRECTION ( 'NONE',  ( 1.000000000000000000, 0.000000000000000000, 0.000000000000000000 ) ) ;
#1746 = AXIS2_PLACEMENT_3D ( 'NONE', #229, #1113, #923 ) ;
#1747 = ORIENTED_EDGE ( 'NONE', *, *, #282, .T. ) ;
#1748 = CARTESIAN_POINT ( 'NONE',  ( -65.00000000000000000, 51.69292863671248739, 16.99999999999999645 ) ) ;
#1749 = VECTOR ( 'NONE', #1455, 1000.000000000000000 ) ;
#1750 = FACE_OUTER_BOUND ( 'NONE', #2066, .T. ) ;
#1751 = EDGE_LOOP ( 'NONE', ( #329, #951, #1465, #1783, #1376, #1337, #1065, #1355, #1684, #69, #1082, #114, #1838, #1792, #470, #1486, #1856, #824, #417, #576, #256, #1044, #854, #187, #1817, #1546, #403, #805, #206, #705, #1558, #2042, #2146, #831, #592, #425, #1323, #1334, #1141, #2226, #1350, #2007, #1319, #2053, #538, #507, #303, #1900, #392, #296, #981, #118, #1691, #2001, #1663, #1463, #1488, #1453, #1960, #1062, #1442, #1642, #1076, #2080, #190, #1143 ) ) ;
#1752 = DIRECTION ( 'NONE',  ( -0.000000000000000000, -5.782411586589358625E-16, 1.000000000000000000 ) ) ;
#1753 = ORIENTED_EDGE ( 'NONE', *, *, #2130, .T. ) ;
#1754 = DIRECTION ( 'NONE',  ( 0.000000000000000000, 0.000000000000000000, 1.000000000000000000 ) ) ;
#1755 = ADVANCED_FACE ( 'NONE', ( #1824 ), #843, .T. ) ;
#1756 = LINE ( 'NONE', #389, #2028 ) ;
#1757 = CARTESIAN_POINT ( 'NONE',  ( -65.00000000000000000, 53.69292863671248739, 16.99999999999999645 ) ) ;
#1758 = EDGE_CURVE ( 'NONE', #1278, #1667, #1478, .T. ) ;
#1759 = EDGE_LOOP ( 'NONE', ( #1432, #2018, #1986, #978 ) ) ;
#1760 =( NAMED_UNIT ( * ) PLANE_ANGLE_UNIT ( ) SI_UNIT ( $, .RADIAN. ) );
#1761 = CARTESIAN_POINT ( 'NONE',  ( -65.00000000000000000, 45.69292863671249449, -4.999999999999995559 ) ) ;
#1762 = ORIENTED_EDGE ( 'NONE', *, *, #1576, .T. ) ;
#1763 = PLANE ( 'NONE',  #221 ) ;
#1764 = CARTESIAN_POINT ( 'NONE',  ( 0.000000000000000000, 27.69292863671250871, -16.99999999999999645 ) ) ;
#1765 = DIRECTION ( 'NONE',  ( 1.000000000000000000, 0.000000000000000000, 0.000000000000000000 ) ) ;
#1766 = DIRECTION ( 'NONE',  ( 0.000000000000000000, -6.938893903907228378E-16, 1.000000000000000000 ) ) ;
#1767 = VECTOR ( 'NONE', #842, 1000.000000000000000 ) ;
#1768 = EDGE_CURVE ( 'NONE', #985, #479, #1147, .T. ) ;
#1769 = VECTOR ( 'NONE', #333, 1000.000000000000000 ) ;
#1770 = EDGE_LOOP ( 'NONE', ( #1842, #834, #1683, #1003 ) ) ;
#1771 = CARTESIAN_POINT ( 'NONE',  ( 0.000000000000000000, 0.6929286367125392365, -1.084202172485503645E-15 ) ) ;
#1772 = EDGE_CURVE ( 'NONE', #135, #130, #2017, .T. ) ;
#1773 = DIRECTION ( 'NONE',  ( 0.000000000000000000, -0.6614378277661480121, -0.7499999999999997780 ) ) ;
#1774 = ORIENTED_EDGE ( 'NONE', *, *, #1112, .F. ) ;
#1775 = LINE ( 'NONE', #1288, #1161 ) ;
#1776 = PLANE ( 'NONE',  #1967 ) ;
#1777 = DIRECTION ( 'NONE',  ( 0.000000000000000000, 0.000000000000000000, -1.000000000000000000 ) ) ;
#1778 = PLANE ( 'NONE',  #158 ) ;
#1779 = VERTEX_POINT ( 'NONE', #308 ) ;
#1780 = CARTESIAN_POINT ( 'NONE',  ( 0.000000000000000000, -8.307071363287491295, 4.999999999999975131 ) ) ;
#1781 = VECTOR ( 'NONE', #1047, 1000.000000000000000 ) ;
#1782 = CARTESIAN_POINT ( 'NONE',  ( -65.00000000000000000, 33.69292863671250160, -16.99999999999999289 ) ) ;
#1783 = ORIENTED_EDGE ( 'NONE', *, *, #2227, .F. ) ;
#1784 = VECTOR ( 'NONE', #648, 1000.000000000000000 ) ;
#1785 = ADVANCED_FACE ( 'NONE', ( #2005 ), #2202, .F. ) ;
#1786 = CARTESIAN_POINT ( 'NONE',  ( 0.000000000000000000, 52.01580429224477342, -1.500000000000001110 ) ) ;
#1787 = CARTESIAN_POINT ( 'NONE',  ( -65.00000000000000000, 0.6929286367125392365, -1.084202172485503645E-15 ) ) ;
#1788 = ADVANCED_FACE ( 'NONE', ( #626 ), #1490, .F. ) ;
#1789 = APPLICATION_PROTOCOL_DEFINITION ( 'draft international standard', 'automotive_design', 1998, #2013 ) ;
#1790 = CARTESIAN_POINT ( 'NONE',  ( 0.000000000000000000, 59.69292863671250160, -17.00000000000000000 ) ) ;
#1791 = CARTESIAN_POINT ( 'NONE',  ( 0.000000000000000000, 45.69292863671249449, 4.999999999999992006 ) ) ;
#1792 = ORIENTED_EDGE ( 'NONE', *, *, #839, .F. ) ;
#1793 = CARTESIAN_POINT ( 'NONE',  ( 0.000000000000000000, 59.69292863671249449, 1.499999999999997780 ) ) ;
#1794 = LINE ( 'NONE', #1938, #2179 ) ;
#1795 = ORIENTED_EDGE ( 'NONE', *, *, #1287, .T. ) ;
#1796 = DIRECTION ( 'NONE',  ( -0.000000000000000000, -5.782411586589355667E-16, 1.000000000000000000 ) ) ;
#1797 = ADVANCED_FACE ( 'NONE', ( #2180 ), #1011, .T. ) ;
#1798 = DIRECTION ( 'NONE',  ( 0.000000000000000000, -5.782411586589356653E-16, -1.000000000000000000 ) ) ;
#1799 = EDGE_CURVE ( 'NONE', #1969, #171, #1002, .T. ) ;
#1800 = CARTESIAN_POINT ( 'NONE',  ( -65.00000000000000000, 21.69292863671250871, -9.999999999999994671 ) ) ;
#1801 = VERTEX_POINT ( 'NONE', #1869 ) ;
#1802 = LINE ( 'NONE', #257, #241 ) ;
#1803 = EDGE_LOOP ( 'NONE', ( #1425, #1508, #21, #1910 ) ) ;
#1804 = AXIS2_PLACEMENT_3D ( 'NONE', #2167, #2190, #1877 ) ;
#1805 = DIRECTION ( 'NONE',  ( -0.000000000000000000, -1.000000000000000000, -2.891205793294678819E-16 ) ) ;
#1806 = ORIENTED_EDGE ( 'NONE', *, *, #1726, .T. ) ;
#1807 = DIRECTION ( 'NONE',  ( 0.000000000000000000, 1.000000000000000000, 2.168404344971006896E-16 ) ) ;
#1808 = AXIS2_PLACEMENT_3D ( 'NONE', #1800, #457, #1125 ) ;
#1809 = CARTESIAN_POINT ( 'NONE',  ( -65.00000000000000000, 35.69292863671250160, 4.999999999999988454 ) ) ;
#1810 = ADVANCED_FACE ( 'NONE', ( #639 ), #128, .F. ) ;
#1811 =( LENGTH_UNIT ( ) NAMED_UNIT ( * ) SI_UNIT ( .MILLI., .METRE. ) );
#1812 = MECHANICAL_DESIGN_GEOMETRIC_PRESENTATION_REPRESENTATION (  '', ( #2103 ), #603 ) ;
#1813 = LINE ( 'NONE', #1494, #943 ) ;
#1814 = EDGE_CURVE ( 'NONE', #866, #529, #1991, .T. ) ;
#1815 = ORIENTED_EDGE ( 'NONE', *, *, #934, .T. ) ;
#1816 = CARTESIAN_POINT ( 'NONE',  ( -65.00000000000000000, -8.307071363287491295, 4.999999999999975131 ) ) ;
#1817 = ORIENTED_EDGE ( 'NONE', *, *, #2047, .F. ) ;
#1818 = LINE ( 'NONE', #1866, #1970 ) ;
#1819 = ORIENTED_EDGE ( 'NONE', *, *, #657, .F. ) ;
#1820 = VECTOR ( 'NONE', #1745, 1000.000000000000000 ) ;
#1821 = DIRECTION ( 'NONE',  ( 0.000000000000000000, -1.000000000000000000, 0.000000000000000000 ) ) ;
#1822 = AXIS2_PLACEMENT_3D ( 'NONE', #431, #2137, #941 ) ;
#1823 = VECTOR ( 'NONE', #1957, 1000.000000000000000 ) ;
#1824 = FACE_OUTER_BOUND ( 'NONE', #1456, .T. ) ;
#1825 = PRODUCT_DEFINITION_SHAPE ( 'NONE', 'NONE',  #375 ) ;
#1826 = LINE ( 'NONE', #1035, #2097 ) ;
#1827 = ADVANCED_FACE ( 'NONE', ( #453 ), #1833, .T. ) ;
#1828 = ORIENTED_EDGE ( 'NONE', *, *, #1006, .T. ) ;
#1829 = DIRECTION ( 'NONE',  ( 1.000000000000000000, 0.000000000000000000, 0.000000000000000000 ) ) ;
#1830 = LINE ( 'NONE', #1855, #269 ) ;
#1831 = ORIENTED_EDGE ( 'NONE', *, *, #584, .T. ) ;
#1832 = DIRECTION ( 'NONE',  ( 0.000000000000000000, 1.000000000000000000, 0.000000000000000000 ) ) ;
#1833 = PLANE ( 'NONE',  #305 ) ;
#1834 = ORIENTED_EDGE ( 'NONE', *, *, #1995, .T. ) ;
#1835 = VERTEX_POINT ( 'NONE', #506 ) ;
#1836 = VERTEX_POINT ( 'NONE', #531 ) ;
#1837 = CARTESIAN_POINT ( 'NONE',  ( 0.000000000000000000, 57.69292863671250160, 4.999999999999995559 ) ) ;
#1838 = ORIENTED_EDGE ( 'NONE', *, *, #1126, .F. ) ;
#1839 = LINE ( 'NONE', #792, #1341 ) ;
#1840 = ORIENTED_EDGE ( 'NONE', *, *, #499, .T. ) ;
#1841 = DIRECTION ( 'NONE',  ( -1.000000000000000000, 0.000000000000000000, -0.000000000000000000 ) ) ;
#1842 = ORIENTED_EDGE ( 'NONE', *, *, #63, .F. ) ;
#1843 = CARTESIAN_POINT ( 'NONE',  ( -65.00000000000000000, 41.69292863671250160, -4.999999999999996447 ) ) ;
#1844 = VECTOR ( 'NONE', #638, 1000.000000000000000 ) ;
#1845 = DIRECTION ( 'NONE',  ( 0.000000000000000000, 0.6614378277661479011, 0.7499999999999997780 ) ) ;
#1846 = EDGE_LOOP ( 'NONE', ( #1030, #1246, #119, #1620 ) ) ;
#1847 = VECTOR ( 'NONE', #53, 1000.000000000000000 ) ;
#1848 = ORIENTED_EDGE ( 'NONE', *, *, #1772, .F. ) ;
#1849 = ORIENTED_EDGE ( 'NONE', *, *, #2086, .T. ) ;
#1850 = DIRECTION ( 'NONE',  ( 0.000000000000000000, 1.156482317317870936E-15, -1.000000000000000000 ) ) ;
#1851 = VECTOR ( 'NONE', #2085, 1000.000000000000000 ) ;
#1852 = ORIENTED_EDGE ( 'NONE', *, *, #1898, .F. ) ;
#1853 = CARTESIAN_POINT ( 'NONE',  ( -65.00000000000000000, 27.69292863671250871, -16.99999999999999645 ) ) ;
#1854 = ORIENTED_EDGE ( 'NONE', *, *, #293, .F. ) ;
#1855 = CARTESIAN_POINT ( 'NONE',  ( 0.000000000000000000, 41.69292863671250160, 4.999999999999991118 ) ) ;
#1856 = ORIENTED_EDGE ( 'NONE', *, *, #30, .F. ) ;
#1857 = PLANE ( 'NONE',  #1804 ) ;
#1858 = EDGE_CURVE ( 'NONE', #2135, #439, #203, .T. ) ;
#1859 = LINE ( 'NONE', #1133, #667 ) ;
#1860 = ORIENTED_EDGE ( 'NONE', *, *, #1348, .F. ) ;
#1861 = AXIS2_PLACEMENT_3D ( 'NONE', #1585, #1952, #2129 ) ;
#1862 = EDGE_CURVE ( 'NONE', #227, #928, #1198, .T. ) ;
#1863 = AXIS2_PLACEMENT_3D ( 'NONE', #794, #1308, #113 ) ;
#1864 = LINE ( 'NONE', #784, #804 ) ;
#1865 = CARTESIAN_POINT ( 'NONE',  ( -65.00000000000000000, 50.69292863671248028, -1.084202172485503645E-15 ) ) ;
#1866 = CARTESIAN_POINT ( 'NONE',  ( 0.000000000000000000, 35.69292863671250160, -4.999999999999995559 ) ) ;
#1867 = ORIENTED_EDGE ( 'NONE', *, *, #1291, .T. ) ;
#1868 = CARTESIAN_POINT ( 'NONE',  ( -65.00000000000000000, 51.69292863671249449, -16.99999999999999645 ) ) ;
#1869 = CARTESIAN_POINT ( 'NONE',  ( -65.00000000000000000, 47.69292863671249449, -4.999999999999996447 ) ) ;
#1870 = VERTEX_POINT ( 'NONE', #1889 ) ;
#1871 = ORIENTED_EDGE ( 'NONE', *, *, #2120, .F. ) ;
#1872 = EDGE_CURVE ( 'NONE', #990, #3, #693, .T. ) ;
#1873 = EDGE_CURVE ( 'NONE', #743, #1738, #875, .T. ) ;
#1874 = LINE ( 'NONE', #319, #1920 ) ;
#1875 = LINE ( 'NONE', #883, #2039 ) ;
#1876 = ORIENTED_EDGE ( 'NONE', *, *, #1342, .F. ) ;
#1877 = DIRECTION ( 'NONE',  ( 0.000000000000000000, 5.782411586589356653E-16, -1.000000000000000000 ) ) ;
#1878 = LINE ( 'NONE', #1043, #1495 ) ;
#1879 = ORIENTED_EDGE ( 'NONE', *, *, #976, .F. ) ;
#1880 = AXIS2_PLACEMENT_3D ( 'NONE', #789, #419, #1807 ) ;
#1881 = LINE ( 'NONE', #1102, #956 ) ;
#1882 = VECTOR ( 'NONE', #1183, 1000.000000000000000 ) ;
#1883 = ADVANCED_FACE ( 'NONE', ( #680 ), #337, .T. ) ;
#1884 = AXIS2_PLACEMENT_3D ( 'NONE', #522, #2105, #508 ) ;
#1885 = DIRECTION ( 'NONE',  ( 0.000000000000000000, -2.040851148208008245E-16, 1.000000000000000000 ) ) ;
#1886 = CARTESIAN_POINT ( 'NONE',  ( -65.00000000000000000, 53.69292863671249449, 4.999999999999993783 ) ) ;
#1887 = ORIENTED_EDGE ( 'NONE', *, *, #1138, .T. ) ;
#1888 = LINE ( 'NONE', #1412, #262 ) ;
#1889 = CARTESIAN_POINT ( 'NONE',  ( -65.00000000000000000, 23.69292863671251226, 4.999999999999985789 ) ) ;
#1890 = VERTEX_POINT ( 'NONE', #541 ) ;
#1891 = LINE ( 'NONE', #533, #511 ) ;
#1892 = ORIENTED_EDGE ( 'NONE', *, *, #1462, .T. ) ;
#1893 = DIRECTION ( 'NONE',  ( 0.000000000000000000, 1.000000000000000000, 0.000000000000000000 ) ) ;
#1894 = VECTOR ( 'NONE', #2106, 1000.000000000000000 ) ;
#1895 = AXIS2_PLACEMENT_3D ( 'NONE', #1144, #1487, #2199 ) ;
#1896 = LINE ( 'NONE', #2082, #1882 ) ;
#1897 = CARTESIAN_POINT ( 'NONE',  ( -65.00000000000000000, 29.69292863671250871, -16.99999999999999289 ) ) ;
#1898 = EDGE_CURVE ( 'NONE', #2012, #1343, #1912, .T. ) ;
#1899 = DIRECTION ( 'NONE',  ( 0.000000000000000000, -1.000000000000000000, -4.336808689942013792E-16 ) ) ;
#1900 = ORIENTED_EDGE ( 'NONE', *, *, #6, .F. ) ;
#1901 = CARTESIAN_POINT ( 'NONE',  ( -65.00000000000000000, 53.69292863671249449, -4.999999999999995559 ) ) ;
#1902 = EDGE_CURVE ( 'NONE', #608, #90, #1187, .T. ) ;
#1903 = CARTESIAN_POINT ( 'NONE',  ( 0.000000000000000000, 27.69292863671250515, 16.99999999999998934 ) ) ;
#1904 = ORIENTED_EDGE ( 'NONE', *, *, #762, .T. ) ;
#1905 = PLANE ( 'NONE',  #1884 ) ;
#1906 = ORIENTED_EDGE ( 'NONE', *, *, #1318, .F. ) ;
#1907 = CARTESIAN_POINT ( 'NONE',  ( 0.000000000000000000, 53.69292863671249449, 4.999999999999993783 ) ) ;
#1908 = DIRECTION ( 'NONE',  ( 1.000000000000000000, 0.000000000000000000, 0.000000000000000000 ) ) ;
#1909 = CARTESIAN_POINT ( 'NONE',  ( 0.000000000000000000, 35.69292863671249449, 16.99999999999998579 ) ) ;
#1910 = ORIENTED_EDGE ( 'NONE', *, *, #169, .T. ) ;
#1911 = CARTESIAN_POINT ( 'NONE',  ( -65.00000000000000000, 59.69292863671250160, -17.00000000000000000 ) ) ;
#1912 = LINE ( 'NONE', #1555, #1708 ) ;
#1913 = EDGE_LOOP ( 'NONE', ( #2193, #2231, #754, #555 ) ) ;
#1914 = EDGE_CURVE ( 'NONE', #1688, #37, #1878, .T. ) ;
#1915 = DIRECTION ( 'NONE',  ( 0.000000000000000000, -2.168404344971006896E-16, 1.000000000000000000 ) ) ;
#1916 = VERTEX_POINT ( 'NONE', #1737 ) ;
#1917 = CARTESIAN_POINT ( 'NONE',  ( 0.000000000000000000, 29.69292863671250515, -4.999999999999995559 ) ) ;
#1918 = VECTOR ( 'NONE', #1257, 1000.000000000000000 ) ;
#1919 = DIRECTION ( 'NONE',  ( 1.000000000000000000, 0.000000000000000000, 0.000000000000000000 ) ) ;
#1920 = VECTOR ( 'NONE', #150, 1000.000000000000000 ) ;
#1921 = CARTESIAN_POINT ( 'NONE',  ( -65.00000000000000000, 39.69292863671249449, -4.999999999999995559 ) ) ;
#1922 = CARTESIAN_POINT ( 'NONE',  ( 0.000000000000000000, 0.000000000000000000, 0.000000000000000000 ) ) ;
#1923 = ORIENTED_EDGE ( 'NONE', *, *, #1250, .F. ) ;
#1924 = CARTESIAN_POINT ( 'NONE',  ( 0.000000000000000000, 21.69292863671250871, -4.999999999999993783 ) ) ;
#1925 = CARTESIAN_POINT ( 'NONE',  ( -65.00000000000000000, 29.69292863671250515, 4.999999999999988454 ) ) ;
#1926 = VERTEX_POINT ( 'NONE', #1021 ) ;
#1927 = DIRECTION ( 'NONE',  ( 0.000000000000000000, -0.000000000000000000, -1.000000000000000000 ) ) ;
#1928 = ORIENTED_EDGE ( 'NONE', *, *, #499, .F. ) ;
#1929 = EDGE_CURVE ( 'NONE', #1445, #649, #189, .T. ) ;
#1930 = CARTESIAN_POINT ( 'NONE',  ( -65.00000000000000000, 23.69292863671251226, -9.999999999999994671 ) ) ;
#1931 = EDGE_CURVE ( 'NONE', #140, #1051, #1715, .T. ) ;
#1932 = CARTESIAN_POINT ( 'NONE',  ( -65.00000000000000000, 59.69292863671248028, -1.500000000000001110 ) ) ;
#1933 = VECTOR ( 'NONE', #15, 1000.000000000000000 ) ;
#1934 = LINE ( 'NONE', #1963, #339 ) ;
#1935 = VECTOR ( 'NONE', #1798, 1000.000000000000000 ) ;
#1936 = ORIENTED_EDGE ( 'NONE', *, *, #131, .T. ) ;
#1937 = FACE_OUTER_BOUND ( 'NONE', #1724, .T. ) ;
#1938 = CARTESIAN_POINT ( 'NONE',  ( -65.00000000000000000, 57.69292863671250160, -17.00000000000000000 ) ) ;
#1939 = ORIENTED_EDGE ( 'NONE', *, *, #700, .F. ) ;
#1940 = DIRECTION ( 'NONE',  ( 0.000000000000000000, 1.000000000000000000, 1.734723475976805517E-15 ) ) ;
#1941 = LINE ( 'NONE', #1078, #195 ) ;
#1942 = ADVANCED_FACE ( 'NONE', ( #1750 ), #863, .T. ) ;
#1943 = DIRECTION ( 'NONE',  ( -1.000000000000000000, 0.000000000000000000, -0.000000000000000000 ) ) ;
#1944 = LINE ( 'NONE', #1791, #1493 ) ;
#1945 = VERTEX_POINT ( 'NONE', #360 ) ;
#1946 = DIRECTION ( 'NONE',  ( -0.000000000000000000, -1.000000000000000000, 1.412250373757202748E-16 ) ) ;
#1947 = PLANE ( 'NONE',  #379 ) ;
#1948 = VERTEX_POINT ( 'NONE', #672 ) ;
#1949 = LINE ( 'NONE', #465, #398 ) ;
#1950 = CARTESIAN_POINT ( 'NONE',  ( -65.00000000000000000, 27.69292863671250515, 16.99999999999998934 ) ) ;
#1951 = DIRECTION ( 'NONE',  ( 1.000000000000000000, 0.000000000000000000, 0.000000000000000000 ) ) ;
#1952 = DIRECTION ( 'NONE',  ( 0.000000000000000000, 1.000000000000000000, 0.000000000000000000 ) ) ;
#1953 = VECTOR ( 'NONE', #530, 1000.000000000000000 ) ;
#1954 = EDGE_CURVE ( 'NONE', #896, #1266, #11, .T. ) ;
#1955 = ORIENTED_EDGE ( 'NONE', *, *, #1659, .T. ) ;
#1956 = ADVANCED_FACE ( 'NONE', ( #1054 ), #704, .T. ) ;
#1957 = DIRECTION ( 'NONE',  ( -0.000000000000000000, -1.000000000000000000, -4.336808689942021187E-16 ) ) ;
#1958 = ORIENTED_EDGE ( 'NONE', *, *, #282, .F. ) ;
#1959 = FACE_OUTER_BOUND ( 'NONE', #641, .T. ) ;
#1960 = ORIENTED_EDGE ( 'NONE', *, *, #297, .F. ) ;
#1961 = CARTESIAN_POINT ( 'NONE',  ( -65.00000000000000000, 51.69292863671250160, -4.999999999999995559 ) ) ;
#1962 = CARTESIAN_POINT ( 'NONE',  ( 0.000000000000000000, 39.69292863671249449, -16.99999999999999289 ) ) ;
#1963 = CARTESIAN_POINT ( 'NONE',  ( -65.00000000000000000, 39.69292863671248739, 16.99999999999998579 ) ) ;
#1964 = ORIENTED_EDGE ( 'NONE', *, *, #92, .T. ) ;
#1965 = CARTESIAN_POINT ( 'NONE',  ( -65.00000000000000000, 23.69292863671251226, -9.999999999999994671 ) ) ;
#1966 = EDGE_CURVE ( 'NONE', #702, #357, #2065, .T. ) ;
#1967 = AXIS2_PLACEMENT_3D ( 'NONE', #1809, #1258, #1637 ) ;
#1968 = CARTESIAN_POINT ( 'NONE',  ( 0.000000000000000000, 23.69292863671251226, -4.999999999999993783 ) ) ;
#1969 = VERTEX_POINT ( 'NONE', #1903 ) ;
#1970 = VECTOR ( 'NONE', #636, 1000.000000000000000 ) ;
#1971 = CARTESIAN_POINT ( 'NONE',  ( 0.000000000000000000, 33.69292863671250160, 4.999999999999987566 ) ) ;
#1972 = EDGE_CURVE ( 'NONE', #866, #678, #23, .T. ) ;
#1973 = CARTESIAN_POINT ( 'NONE',  ( -65.00000000000000000, 35.69292863671249449, 16.99999999999998579 ) ) ;
#1974 = EDGE_LOOP ( 'NONE', ( #937, #791, #2124, #1631 ) ) ;
#1975 = FILL_AREA_STYLE ('',( #1116 ) ) ;
#1976 = EDGE_CURVE ( 'NONE', #212, #99, #2044, .T. ) ;
#1977 = LINE ( 'NONE', #1433, #449 ) ;
#1978 = VERTEX_POINT ( 'NONE', #589 ) ;
#1979 = CARTESIAN_POINT ( 'NONE',  ( -65.00000000000000000, 29.69292863671250515, -4.999999999999995559 ) ) ;
#1980 = EDGE_CURVE ( 'NONE', #2012, #673, #918, .T. ) ;
#1981 = FACE_OUTER_BOUND ( 'NONE', #2068, .T. ) ;
#1982 = LINE ( 'NONE', #120, #1018 ) ;
#1983 = LINE ( 'NONE', #1640, #366 ) ;
#1984 = VECTOR ( 'NONE', #1168, 1000.000000000000000 ) ;
#1985 = SURFACE_STYLE_FILL_AREA ( #1975 ) ;
#1986 = ORIENTED_EDGE ( 'NONE', *, *, #787, .T. ) ;
#1987 = FACE_OUTER_BOUND ( 'NONE', #1571, .T. ) ;
#1988 = ORIENTED_EDGE ( 'NONE', *, *, #1081, .T. ) ;
#1989 = LINE ( 'NONE', #1119, #1693 ) ;
#1990 = AXIS2_PLACEMENT_3D ( 'NONE', #1293, #1662, #1850 ) ;
#1991 = LINE ( 'NONE', #441, #1280 ) ;
#1992 = EDGE_CURVE ( 'NONE', #369, #406, #1977, .T. ) ;
#1993 = VECTOR ( 'NONE', #236, 1000.000000000000000 ) ;
#1994 = CARTESIAN_POINT ( 'NONE',  ( -65.00000000000000000, 23.69292863671250871, 9.999999999999984013 ) ) ;
#1995 = EDGE_CURVE ( 'NONE', #664, #1836, #1794, .T. ) ;
#1996 = ORIENTED_EDGE ( 'NONE', *, *, #2022, .T. ) ;
#1997 = CARTESIAN_POINT ( 'NONE',  ( 0.000000000000000000, 41.69292863671250160, 4.999999999999991118 ) ) ;
#1998 = ORIENTED_EDGE ( 'NONE', *, *, #1768, .T. ) ;
#1999 = UNCERTAINTY_MEASURE_WITH_UNIT (LENGTH_MEASURE( 1.000000000000000082E-05 ), #2122, 'distance_accuracy_value', 'NONE');
#2000 = LINE ( 'NONE', #279, #2110 ) ;
#2001 = ORIENTED_EDGE ( 'NONE', *, *, #1041, .F. ) ;
#2002 = CARTESIAN_POINT ( 'NONE',  ( -65.00000000000000000, -0.6299470188197570097, -1.500000000000001110 ) ) ;
#2003 = VECTOR ( 'NONE', #1027, 1000.000000000000000 ) ;
#2004 = AXIS2_PLACEMENT_3D ( 'NONE', #1542, #1533, #1358 ) ;
#2005 = FACE_OUTER_BOUND ( 'NONE', #338, .T. ) ;
#2006 = EDGE_LOOP ( 'NONE', ( #795, #1852, #1503, #299 ) ) ;
#2007 = ORIENTED_EDGE ( 'NONE', *, *, #141, .F. ) ;
#2008 = EDGE_CURVE ( 'NONE', #90, #983, #2145, .T. ) ;
#2009 = CARTESIAN_POINT ( 'NONE',  ( 0.000000000000000000, -8.307071363287491295, 4.999999999999975131 ) ) ;
#2010 = VERTEX_POINT ( 'NONE', #600 ) ;
#2011 = PLANE ( 'NONE',  #1179 ) ;
#2012 = VERTEX_POINT ( 'NONE', #384 ) ;
#2013 = APPLICATION_CONTEXT ( 'automotive_design' ) ;
#2014 = CARTESIAN_POINT ( 'NONE',  ( -65.00000000000000000, 35.69292863671249449, 16.99999999999998579 ) ) ;
#2015 = ORIENTED_EDGE ( 'NONE', *, *, #710, .F. ) ;
#2016 = LINE ( 'NONE', #1356, #801 ) ;
#2017 = LINE ( 'NONE', #1158, #2108 ) ;
#2018 = ORIENTED_EDGE ( 'NONE', *, *, #2008, .F. ) ;
#2019 = DIRECTION ( 'NONE',  ( 1.000000000000000000, -0.000000000000000000, -0.000000000000000000 ) ) ;
#2020 = ORIENTED_EDGE ( 'NONE', *, *, #116, .T. ) ;
#2021 = CARTESIAN_POINT ( 'NONE',  ( -65.00000000000000000, -0.6299470188197570097, 1.499999999999998668 ) ) ;
#2022 = EDGE_CURVE ( 'NONE', #1317, #1504, #938, .T. ) ;
#2023 = PLANE ( 'NONE',  #819 ) ;
#2024 = ORIENTED_EDGE ( 'NONE', *, *, #306, .T. ) ;
#2025 = CARTESIAN_POINT ( 'NONE',  ( -65.00000000000000000, 33.69292863671250160, -4.999999999999994671 ) ) ;
#2026 = EDGE_CURVE ( 'NONE', #983, #1460, #1075, .T. ) ;
#2027 = DIRECTION ( 'NONE',  ( 1.000000000000000000, 0.000000000000000000, 0.000000000000000000 ) ) ;
#2028 = VECTOR ( 'NONE', #1765, 1000.000000000000000 ) ;
#2029 = ORIENTED_EDGE ( 'NONE', *, *, #152, .T. ) ;
#2030 = ORIENTED_EDGE ( 'NONE', *, *, #1122, .T. ) ;
#2031 = CARTESIAN_POINT ( 'NONE',  ( -65.00000000000000000, 53.69292863671249449, -4.999999999999995559 ) ) ;
#2032 = ORIENTED_EDGE ( 'NONE', *, *, #1695, .T. ) ;
#2033 = EDGE_CURVE ( 'NONE', #1022, #866, #214, .T. ) ;
#2034 = FACE_OUTER_BOUND ( 'NONE', #374, .T. ) ;
#2035 = CARTESIAN_POINT ( 'NONE',  ( -65.00000000000000000, 52.01580429224477342, -1.500000000000001110 ) ) ;
#2036 = VERTEX_POINT ( 'NONE', #1424 ) ;
#2037 = EDGE_CURVE ( 'NONE', #972, #133, #566, .T. ) ;
#2038 = ORIENTED_EDGE ( 'NONE', *, *, #1714, .F. ) ;
#2039 = VECTOR ( 'NONE', #19, 1000.000000000000000 ) ;
#2040 = CARTESIAN_POINT ( 'NONE',  ( 0.000000000000000000, 51.69292863671248739, 16.99999999999999645 ) ) ;
#2041 = LINE ( 'NONE', #276, #201 ) ;
#2042 = ORIENTED_EDGE ( 'NONE', *, *, #1616, .T. ) ;
#2043 = CARTESIAN_POINT ( 'NONE',  ( 0.000000000000000000, 47.69292863671248739, 16.99999999999999645 ) ) ;
#2044 = LINE ( 'NONE', #34, #1315 ) ;
#2045 = VERTEX_POINT ( 'NONE', #1761 ) ;
#2046 = ORIENTED_EDGE ( 'NONE', *, *, #758, .F. ) ;
#2047 = EDGE_CURVE ( 'NONE', #972, #1653, #1623, .T. ) ;
#2048 = CARTESIAN_POINT ( 'NONE',  ( -65.00000000000000000, 45.69292863671249449, 4.999999999999992006 ) ) ;
#2049 = CARTESIAN_POINT ( 'NONE',  ( -65.00000000000000000, 57.69292863671249449, 17.00000000000000000 ) ) ;
#2050 = ORIENTED_EDGE ( 'NONE', *, *, #1654, .T. ) ;
#2051 = CARTESIAN_POINT ( 'NONE',  ( 0.000000000000000000, 27.69292863671250515, 16.99999999999998934 ) ) ;
#2052 = DIRECTION ( 'NONE',  ( 1.000000000000000000, -0.000000000000000000, -0.000000000000000000 ) ) ;
#2053 = ORIENTED_EDGE ( 'NONE', *, *, #1872, .F. ) ;
#2054 = FACE_OUTER_BOUND ( 'NONE', #1974, .T. ) ;
#2055 = VERTEX_POINT ( 'NONE', #1255 ) ;
#2056 = VECTOR ( 'NONE', #889, 1000.000000000000000 ) ;
#2057 = CARTESIAN_POINT ( 'NONE',  ( 0.000000000000000000, 39.69292863671249449, -4.999999999999995559 ) ) ;
#2058 = VECTOR ( 'NONE', #492, 1000.000000000000000 ) ;
#2059 = ADVANCED_FACE ( 'NONE', ( #405 ), #1947, .T. ) ;
#2060 = AXIS2_PLACEMENT_3D ( 'NONE', #1381, #1223, #1927 ) ;
#2061 = DIRECTION ( 'NONE',  ( -0.000000000000000000, 8.673617379884031528E-16, -1.000000000000000000 ) ) ;
#2062 = CARTESIAN_POINT ( 'NONE',  ( -65.00000000000000000, -8.307071363287491295, 4.999999999999975131 ) ) ;
#2063 = EDGE_LOOP ( 'NONE', ( #1939, #1201, #9, #1892 ) ) ;
#2064 = DIRECTION ( 'NONE',  ( 0.000000000000000000, 1.000000000000000000, 0.000000000000000000 ) ) ;
#2065 = LINE ( 'NONE', #1568, #2217 ) ;
#2066 = EDGE_LOOP ( 'NONE', ( #72, #1009, #180, #1189 ) ) ;
#2067 = DIRECTION ( 'NONE',  ( 0.000000000000000000, 1.000000000000000000, 1.734723475976805517E-15 ) ) ;
#2068 = EDGE_LOOP ( 'NONE', ( #47, #1055, #353, #286 ) ) ;
#2069 = DIRECTION ( 'NONE',  ( 1.000000000000000000, -0.000000000000000000, -0.000000000000000000 ) ) ;
#2070 = VECTOR ( 'NONE', #749, 1000.000000000000000 ) ;
#2071 = AXIS2_PLACEMENT_3D ( 'NONE', #93, #1711, #1899 ) ;
#2072 = DIRECTION ( 'NONE',  ( -0.000000000000000000, -1.000000000000000000, -5.204170427930416550E-15 ) ) ;
#2073 = CARTESIAN_POINT ( 'NONE',  ( -65.00000000000000000, 47.69292863671249449, 4.999999999999992895 ) ) ;
#2074 = EDGE_CURVE ( 'NONE', #1474, #1779, #394, .T. ) ;
#2075 = ORIENTED_EDGE ( 'NONE', *, *, #2074, .T. ) ;
#2076 = LINE ( 'NONE', #691, #1953 ) ;
#2077 = DIRECTION ( 'NONE',  ( 0.000000000000000000, 1.000000000000000000, 0.000000000000000000 ) ) ;
#2078 = ORIENTED_EDGE ( 'NONE', *, *, #1477, .F. ) ;
#2079 = CARTESIAN_POINT ( 'NONE',  ( -65.00000000000000000, 27.69292863671250871, -16.99999999999999645 ) ) ;
#2080 = ORIENTED_EDGE ( 'NONE', *, *, #1153, .T. ) ;
#2081 = DIRECTION ( 'NONE',  ( 0.000000000000000000, 1.000000000000000000, 2.168404344971006896E-16 ) ) ;
#2082 = CARTESIAN_POINT ( 'NONE',  ( 0.000000000000000000, 51.69292863671250160, 4.999999999999993783 ) ) ;
#2083 = DIRECTION ( 'NONE',  ( -0.000000000000000000, -1.000000000000000000, -2.168404344971006896E-16 ) ) ;
#2084 = ORIENTED_EDGE ( 'NONE', *, *, #513, .T. ) ;
#2085 = DIRECTION ( 'NONE',  ( 1.000000000000000000, 0.000000000000000000, 0.000000000000000000 ) ) ;
#2086 = EDGE_CURVE ( 'NONE', #2224, #280, #59, .T. ) ;
#2087 = CARTESIAN_POINT ( 'NONE',  ( -65.00000000000000000, 47.69292863671249449, -16.99999999999999645 ) ) ;
#2088 = ORIENTED_EDGE ( 'NONE', *, *, #1902, .T. ) ;
#2089 = FACE_OUTER_BOUND ( 'NONE', #1604, .T. ) ;
#2090 = EDGE_CURVE ( 'NONE', #461, #896, #575, .T. ) ;
#2091 = VERTEX_POINT ( 'NONE', #1265 ) ;
#2092 = DIRECTION ( 'NONE',  ( 0.000000000000000000, 0.000000000000000000, -1.000000000000000000 ) ) ;
#2093 = VECTOR ( 'NONE', #126, 1000.000000000000000 ) ;
#2094 = LINE ( 'NONE', #1104, #2131 ) ;
#2095 = VECTOR ( 'NONE', #607, 1000.000000000000000 ) ;
#2096 = FACE_OUTER_BOUND ( 'NONE', #656, .T. ) ;
#2097 = VECTOR ( 'NONE', #1405, 1000.000000000000000 ) ;
#2098 = ORIENTED_EDGE ( 'NONE', *, *, #993, .F. ) ;
#2099 = DIRECTION ( 'NONE',  ( -0.000000000000000000, 1.000000000000000000, -0.000000000000000000 ) ) ;
#2100 = VECTOR ( 'NONE', #186, 1000.000000000000000 ) ;
#2101 = EDGE_CURVE ( 'NONE', #1369, #1460, #1096, .T. ) ;
#2102 = CARTESIAN_POINT ( 'NONE',  ( -65.00000000000000000, 23.69292863671251226, -4.999999999999993783 ) ) ;
#2103 = STYLED_ITEM ( 'NONE', ( #393 ), #1048 ) ;
#2104 = ORIENTED_EDGE ( 'NONE', *, *, #155, .T. ) ;
#2105 = DIRECTION ( 'NONE',  ( 0.000000000000000000, -1.412250373757203980E-16, 1.000000000000000000 ) ) ;
#2106 = DIRECTION ( 'NONE',  ( 1.000000000000000000, 0.000000000000000000, 0.000000000000000000 ) ) ;
#2107 = PLANE ( 'NONE',  #1301 ) ;
#2108 = VECTOR ( 'NONE', #139, 1000.000000000000000 ) ;
#2109 = DIRECTION ( 'NONE',  ( 0.000000000000000000, 0.000000000000000000, 1.000000000000000000 ) ) ;
#2110 = VECTOR ( 'NONE', #999, 1000.000000000000000 ) ;
#2111 = EDGE_LOOP ( 'NONE', ( #1331, #2098, #1326, #756 ) ) ;
#2112 = LINE ( 'NONE', #1771, #949 ) ;
#2113 = DIRECTION ( 'NONE',  ( 1.000000000000000000, 0.000000000000000000, 0.000000000000000000 ) ) ;
#2114 = VERTEX_POINT ( 'NONE', #71 ) ;
#2115 = CARTESIAN_POINT ( 'NONE',  ( 0.000000000000000000, -0.6299470188197570097, 1.499999999999998668 ) ) ;
#2116 = DIRECTION ( 'NONE',  ( 0.000000000000000000, 0.000000000000000000, 1.000000000000000000 ) ) ;
#2117 = EDGE_CURVE ( 'NONE', #1019, #990, #765, .T. ) ;
#2118 = DIRECTION ( 'NONE',  ( 0.000000000000000000, 1.734723475976812764E-16, -1.000000000000000000 ) ) ;
#2119 = CARTESIAN_POINT ( 'NONE',  ( 0.000000000000000000, 35.69292863671249449, 16.99999999999998579 ) ) ;
#2120 = EDGE_CURVE ( 'NONE', #133, #899, #2134, .T. ) ;
#2121 = VERTEX_POINT ( 'NONE', #416 ) ;
#2122 =( LENGTH_UNIT ( ) NAMED_UNIT ( * ) SI_UNIT ( .MILLI., .METRE. ) );
#2123 = CARTESIAN_POINT ( 'NONE',  ( -65.00000000000000000, 39.69292863671249449, 4.999999999999990230 ) ) ;
#2124 = ORIENTED_EDGE ( 'NONE', *, *, #418, .T. ) ;
#2125 = FACE_OUTER_BOUND ( 'NONE', #637, .T. ) ;
#2126 = LINE ( 'NONE', #1961, #1935 ) ;
#2127 = ADVANCED_FACE ( 'NONE', ( #726 ), #82, .T. ) ;
#2128 = LINE ( 'NONE', #2138, #580 ) ;
#2129 = DIRECTION ( 'NONE',  ( 0.000000000000000000, -0.000000000000000000, 1.000000000000000000 ) ) ;
#2130 = EDGE_CURVE ( 'NONE', #1870, #467, #1509, .T. ) ;
#2131 = VECTOR ( 'NONE', #935, 1000.000000000000000 ) ;
#2132 = ORIENTED_EDGE ( 'NONE', *, *, #1287, .F. ) ;
#2133 = CARTESIAN_POINT ( 'NONE',  ( -65.00000000000000000, 53.69292863671249449, 4.999999999999993783 ) ) ;
#2134 = LINE ( 'NONE', #1968, #524 ) ;
#2135 = VERTEX_POINT ( 'NONE', #450 ) ;
#2136 = DIRECTION ( 'NONE',  ( 0.000000000000000000, -5.782411586589357392E-17, -1.000000000000000000 ) ) ;
#2137 = DIRECTION ( 'NONE',  ( -0.000000000000000000, 1.734723475976805517E-15, 1.000000000000000000 ) ) ;
#2138 = CARTESIAN_POINT ( 'NONE',  ( -65.00000000000000000, 35.69292863671250160, -16.99999999999999289 ) ) ;
#2139 = PLANE ( 'NONE',  #377 ) ;
#2140 = ADVANCED_FACE ( 'NONE', ( #964 ), #808, .T. ) ;
#2141 = EDGE_LOOP ( 'NONE', ( #719, #2197, #681, #1159 ) ) ;
#2142 =( NAMED_UNIT ( * ) SI_UNIT ( $, .STERADIAN. ) SOLID_ANGLE_UNIT ( ) );
#2143 = AXIS2_PLACEMENT_3D ( 'NONE', #42, #77, #1072 ) ;
#2144 = ADVANCED_FACE ( 'NONE', ( #270 ), #1644, .T. ) ;
#2145 = LINE ( 'NONE', #776, #958 ) ;
#2146 = ORIENTED_EDGE ( 'NONE', *, *, #1416, .T. ) ;
#2147 = AXIS2_PLACEMENT_3D ( 'NONE', #830, #2165, #1344 ) ;
#2148 = DIRECTION ( 'NONE',  ( -1.000000000000000000, 0.000000000000000000, 0.000000000000000000 ) ) ;
#2149 = DIRECTION ( 'NONE',  ( -0.000000000000000000, 0.000000000000000000, -1.000000000000000000 ) ) ;
#2150 = VECTOR ( 'NONE', #1142, 1000.000000000000000 ) ;
#2151 = PLANE ( 'NONE',  #1413 ) ;
#2152 = ORIENTED_EDGE ( 'NONE', *, *, #2090, .F. ) ;
#2153 = DIRECTION ( 'NONE',  ( 1.000000000000000000, 0.000000000000000000, 0.000000000000000000 ) ) ;
#2154 = ORIENTED_EDGE ( 'NONE', *, *, #1220, .F. ) ;
#2155 = ORIENTED_EDGE ( 'NONE', *, *, #33, .F. ) ;
#2156 = ADVANCED_FACE ( 'NONE', ( #1987 ), #124, .T. ) ;
#2157 = DIRECTION ( 'NONE',  ( -0.000000000000000000, 5.782411586589358625E-16, -1.000000000000000000 ) ) ;
#2158 = CARTESIAN_POINT ( 'NONE',  ( -65.00000000000000000, 53.69292863671249449, -16.99999999999999645 ) ) ;
#2159 = ADVANCED_FACE ( 'NONE', ( #1473 ), #659, .T. ) ;
#2160 = CARTESIAN_POINT ( 'NONE',  ( -65.00000000000000000, 51.69292863671248739, 16.99999999999999645 ) ) ;
#2161 = DIRECTION ( 'NONE',  ( 0.000000000000000000, 0.000000000000000000, 1.000000000000000000 ) ) ;
#2162 = DIRECTION ( 'NONE',  ( 1.000000000000000000, 0.000000000000000000, 0.000000000000000000 ) ) ;
#2163 = ORIENTED_EDGE ( 'NONE', *, *, #1914, .T. ) ;
#2164 = VECTOR ( 'NONE', #1908, 1000.000000000000000 ) ;
#2165 = DIRECTION ( 'NONE',  ( -0.000000000000000000, 1.000000000000000000, 2.040851148208007998E-16 ) ) ;
#2166 = ORIENTED_EDGE ( 'NONE', *, *, #1496, .F. ) ;
#2167 = CARTESIAN_POINT ( 'NONE',  ( -65.00000000000000000, 33.69292863671250160, 4.999999999999987566 ) ) ;
#2168 = EDGE_CURVE ( 'NONE', #890, #227, #1666, .T. ) ;
#2169 = DIRECTION ( 'NONE',  ( 0.000000000000000000, 0.6614378277661479011, -0.7499999999999997780 ) ) ;
#2170 = ORIENTED_EDGE ( 'NONE', *, *, #1302, .T. ) ;
#2171 = EDGE_CURVE ( 'NONE', #439, #1738, #1464, .T. ) ;
#2172 = CARTESIAN_POINT ( 'NONE',  ( -65.00000000000000000, 41.69292863671249449, 16.99999999999998579 ) ) ;
#2173 = CARTESIAN_POINT ( 'NONE',  ( 0.000000000000000000, 29.69292863671250871, -16.99999999999999289 ) ) ;
#2174 = ORIENTED_EDGE ( 'NONE', *, *, #2090, .T. ) ;
#2175 = DIRECTION ( 'NONE',  ( 1.000000000000000000, 0.000000000000000000, 0.000000000000000000 ) ) ;
#2176 = ORIENTED_EDGE ( 'NONE', *, *, #976, .T. ) ;
#2177 = LINE ( 'NONE', #476, #1844 ) ;
#2178 = AXIS2_PLACEMENT_3D ( 'NONE', #2158, #263, #1249 ) ;
#2179 = VECTOR ( 'NONE', #45, 1000.000000000000000 ) ;
#2180 = FACE_OUTER_BOUND ( 'NONE', #2006, .T. ) ;
#2181 = VERTEX_POINT ( 'NONE', #1130 ) ;
#2182 = CARTESIAN_POINT ( 'NONE',  ( 0.000000000000000000, 41.69292863671249449, 16.99999999999998579 ) ) ;
#2183 = EDGE_CURVE ( 'NONE', #437, #1500, #1818, .T. ) ;
#2184 = ORIENTED_EDGE ( 'NONE', *, *, #1976, .F. ) ;
#2185 = EDGE_CURVE ( 'NONE', #673, #1317, #2000, .T. ) ;
#2186 = PLANE ( 'NONE',  #1525 ) ;
#2187 = ORIENTED_EDGE ( 'NONE', *, *, #1931, .F. ) ;
#2188 = CARTESIAN_POINT ( 'NONE',  ( -65.00000000000000000, 29.69292863671250871, -16.99999999999999289 ) ) ;
#2189 = ORIENTED_EDGE ( 'NONE', *, *, #1718, .F. ) ;
#2190 = DIRECTION ( 'NONE',  ( 0.000000000000000000, -1.000000000000000000, -5.782411586589356653E-16 ) ) ;
#2191 = CARTESIAN_POINT ( 'NONE',  ( 0.000000000000000000, 47.69292863671249449, -16.99999999999999645 ) ) ;
#2192 = VERTEX_POINT ( 'NONE', #2014 ) ;
#2193 = ORIENTED_EDGE ( 'NONE', *, *, #2183, .F. ) ;
#2194 = EDGE_CURVE ( 'NONE', #2121, #1190, #1830, .T. ) ;
#2195 = ORIENTED_EDGE ( 'NONE', *, *, #1028, .F. ) ;
#2196 = DIRECTION ( 'NONE',  ( -0.000000000000000000, 1.000000000000000000, 5.782411586589354681E-16 ) ) ;
#2197 = ORIENTED_EDGE ( 'NONE', *, *, #2171, .F. ) ;
#2198 = ADVANCED_FACE ( 'NONE', ( #1175 ), #463, .T. ) ;
#2199 = DIRECTION ( 'NONE',  ( 0.000000000000000000, -5.782411586589356653E-16, -1.000000000000000000 ) ) ;
#2200 = VERTEX_POINT ( 'NONE', #2031 ) ;
#2201 = CARTESIAN_POINT ( 'NONE',  ( 0.000000000000000000, 45.69292863671249449, -16.99999999999999289 ) ) ;
#2202 = PLANE ( 'NONE',  #1206 ) ;
#2203 = EDGE_LOOP ( 'NONE', ( #480, #909, #1834, #489 ) ) ;
#2204 = VECTOR ( 'NONE', #1709, 1000.000000000000000 ) ;
#2205 = ORIENTED_EDGE ( 'NONE', *, *, #988, .F. ) ;
#2206 = VECTOR ( 'NONE', #586, 1000.000000000000000 ) ;
#2207 = DIRECTION ( 'NONE',  ( -0.000000000000000000, -5.782411586589355667E-16, 1.000000000000000000 ) ) ;
#2208 = DIRECTION ( 'NONE',  ( 0.000000000000000000, 0.6614378277661479011, -0.7499999999999997780 ) ) ;
#2209 = EDGE_CURVE ( 'NONE', #1699, #608, #1499, .T. ) ;
#2210 = ORIENTED_EDGE ( 'NONE', *, *, #1758, .F. ) ;
#2211 = DIRECTION ( 'NONE',  ( 0.000000000000000000, 6.938893903907226405E-16, -1.000000000000000000 ) ) ;
#2212 = ADVANCED_FACE ( 'NONE', ( #1333 ), #2023, .T. ) ;
#2213 = DIRECTION ( 'NONE',  ( 1.000000000000000000, 0.000000000000000000, -0.000000000000000000 ) ) ;
#2214 = EDGE_LOOP ( 'NONE', ( #109, #1860, #1359, #1256 ) ) ;
#2215 = VECTOR ( 'NONE', #967, 1000.000000000000000 ) ;
#2216 = VECTOR ( 'NONE', #483, 1000.000000000000000 ) ;
#2217 = VECTOR ( 'NONE', #519, 1000.000000000000000 ) ;
#2218 = CARTESIAN_POINT ( 'NONE',  ( -65.00000000000000000, 57.69292863671250160, -17.00000000000000000 ) ) ;
#2219 = LINE ( 'NONE', #198, #1210 ) ;
#2220 = ORIENTED_EDGE ( 'NONE', *, *, #65, .F. ) ;
#2221 = LINE ( 'NONE', #861, #46 ) ;
#2222 = ADVANCED_FACE ( 'NONE', ( #950 ), #136, .T. ) ;
#2223 = CARTESIAN_POINT ( 'NONE',  ( -65.00000000000000000, 53.69292863671248739, 16.99999999999999645 ) ) ;
#2224 = VERTEX_POINT ( 'NONE', #1723 ) ;
#2225 = CARTESIAN_POINT ( 'NONE',  ( 0.000000000000000000, -8.307071363287468202, -1.500000000000001110 ) ) ;
#2226 = ORIENTED_EDGE ( 'NONE', *, *, #320, .F. ) ;
#2227 = EDGE_CURVE ( 'NONE', #1497, #664, #1469, .T. ) ;
#2228 = CARTESIAN_POINT ( 'NONE',  ( -65.00000000000000000, 51.69292863671250160, -4.999999999999995559 ) ) ;
#2229 = LINE ( 'NONE', #2048, #1231 ) ;
#2230 = DIRECTION ( 'NONE',  ( 1.000000000000000000, 0.000000000000000000, 0.000000000000000000 ) ) ;
#2231 = ORIENTED_EDGE ( 'NONE', *, *, #472, .F. ) ;
#2232 = DIRECTION ( 'NONE',  ( 1.000000000000000000, -0.000000000000000000, -0.000000000000000000 ) ) ;
#2233 = DIRECTION ( 'NONE',  ( 0.000000000000000000, -5.782411586589354681E-16, 1.000000000000000000 ) ) ;
ENDSEC;
END-ISO-10303-21;
